{
    "type": "FeatureCollection",
    "features": [
        {
            "type": "Feature",
            "geometry": {
                "type": "Point",
                "coordinates": [
                    -90.513089,
                    14.645822,
                    0
                ]
            },
            "properties": {
                "name": "San Sebastián - Líneas 1 y 2",
                "description": "3ª calle y 6ª avenida, zona 1. ",
                "styleUrl": "#icon-1899-DB4436-labelson",
                "icon-opacity": 1,
                "icon-color": "#db4436",
                "icon-scale": 1,
                "icon-offset": [
                    32,
                    64
                ],
                "icon-offset-units": [
                    "pixels",
                    "insetPixels"
                ],
                "icon": "https://www.gstatic.com/mapspro/images/stock/503-wht-blank_maps.png"
            }
        },
        {
            "type": "Feature",
            "geometry": {
                "type": "Point",
                "coordinates": [
                    -90.515788,
                    14.634535,
                    0
                ]
            },
            "properties": {
                "name": "Gómez Carrillo",
                "description": "5ª avenida y 14 calle, zona 1.",
                "styleUrl": "#icon-1532-DB4436-labelson",
                "icon-opacity": 1,
                "icon-color": "#db4436",
                "icon-scale": 1,
                "icon": "https://www.gstatic.com/mapspro/images/stock/503-wht-blank_maps.png"
            }
        },
        {
            "type": "Feature",
            "geometry": {
                "type": "Point",
                "coordinates": [
                    -90.515297,
                    14.638467,
                    0
                ]
            },
            "properties": {
                "name": "San Agustín",
                "description": "5ª avenida y 11 calle, zona 1.",
                "styleUrl": "#icon-1532-DB4436-labelson",
                "icon-opacity": 1,
                "icon-color": "#db4436",
                "icon-scale": 1,
                "icon": "https://www.gstatic.com/mapspro/images/stock/503-wht-blank_maps.png"
            }
        },
        {
            "type": "Feature",
            "geometry": {
                "type": "Point",
                "coordinates": [
                    -90.514804,
                    14.642065,
                    0
                ]
            },
            "properties": {
                "name": "Parque Centenario",
                "description": "5ª avenida y 8ª calle, zona 1.",
                "styleUrl": "#icon-1532-DB4436-labelson",
                "icon-opacity": 1,
                "icon-color": "#db4436",
                "icon-scale": 1,
                "icon": "https://www.gstatic.com/mapspro/images/stock/503-wht-blank_maps.png"
            }
        },
        {
            "type": "Feature",
            "geometry": {
                "type": "Point",
                "coordinates": [
                    -90.511501,
                    14.642337,
                    0
                ]
            },
            "properties": {
                "name": "Mercado Central",
                "description": "8ª avenida y 6ª calle, zona 1.",
                "styleUrl": "#icon-1532-DB4436-labelson",
                "icon-opacity": 1,
                "icon-color": "#db4436",
                "icon-scale": 1,
                "icon": "https://www.gstatic.com/mapspro/images/stock/503-wht-blank_maps.png"
            }
        },
        {
            "type": "Feature",
            "geometry": {
                "type": "Point",
                "coordinates": [
                    -90.512248,
                    14.637162,
                    0
                ]
            },
            "properties": {
                "name": "Correos",
                "description": "8ª avenida y 12 calle, zona 1.",
                "styleUrl": "#icon-1532-DB4436-labelson",
                "icon-opacity": 1,
                "icon-color": "#db4436",
                "icon-scale": 1,
                "icon": "https://www.gstatic.com/mapspro/images/stock/503-wht-blank_maps.png"
            }
        },
        {
            "type": "Feature",
            "geometry": {
                "type": "Point",
                "coordinates": [
                    -90.512679,
                    14.633918,
                    0
                ]
            },
            "properties": {
                "name": "Beatas de Belén",
                "description": "8ª avenida y 15 calle, zona 1.",
                "styleUrl": "#icon-1532-DB4436-labelson",
                "icon-opacity": 1,
                "icon-color": "#db4436",
                "icon-scale": 1,
                "icon": "https://www.gstatic.com/mapspro/images/stock/503-wht-blank_maps.png"
            }
        },
        {
            "type": "Feature",
            "geometry": {
                "type": "Point",
                "coordinates": [
                    -90.513335,
                    14.629904,
                    0
                ]
            },
            "properties": {
                "name": "Paseo de las Letras",
                "description": "8ª avenida y 19 calle, zona 1.",
                "styleUrl": "#icon-1532-DB4436-labelson",
                "icon-opacity": 1,
                "icon-color": "#db4436",
                "icon-scale": 1,
                "icon": "https://www.gstatic.com/mapspro/images/stock/503-wht-blank_maps.png"
            }
        },
        {
            "type": "Feature",
            "geometry": {
                "type": "Point",
                "coordinates": [
                    -90.514819,
                    14.627727,
                    0
                ]
            },
            "properties": {
                "name": "Centro Cívico",
                "description": "21 calle y 6ª avenida “A”, zona 1.",
                "styleUrl": "#icon-1532-DB4436-labelson",
                "icon-opacity": 1,
                "icon-color": "#db4436",
                "icon-scale": 1,
                "icon": "https://www.gstatic.com/mapspro/images/stock/503-wht-blank_maps.png"
            }
        },
        {
            "type": "Feature",
            "geometry": {
                "type": "Point",
                "coordinates": [
                    -90.516288,
                    14.631314,
                    0
                ]
            },
            "properties": {
                "name": "Sur 2",
                "description": "5ª avenida y 18 calle, zona 1.",
                "styleUrl": "#icon-1532-DB4436-labelson",
                "icon-opacity": 1,
                "icon-color": "#db4436",
                "icon-scale": 1,
                "icon": "https://www.gstatic.com/mapspro/images/stock/503-wht-blank_maps.png"
            }
        },
        {
            "type": "Feature",
            "geometry": {
                "type": "LineString",
                "coordinates": [
                    [
                        -90.514879,
                        14.627752,
                        0
                    ],
                    [
                        -90.515049,
                        14.627789,
                        0
                    ],
                    [
                        -90.515203,
                        14.627855,
                        0
                    ],
                    [
                        -90.515413,
                        14.62801,
                        0
                    ],
                    [
                        -90.515731,
                        14.628371,
                        0
                    ],
                    [
                        -90.516072,
                        14.62873,
                        0
                    ],
                    [
                        -90.516289,
                        14.62899,
                        0
                    ],
                    [
                        -90.516387,
                        14.629129,
                        0
                    ],
                    [
                        -90.516424,
                        14.62921,
                        0
                    ],
                    [
                        -90.516442,
                        14.629299,
                        0
                    ],
                    [
                        -90.516466,
                        14.629583,
                        0
                    ],
                    [
                        -90.516431,
                        14.629909,
                        0
                    ],
                    [
                        -90.516367,
                        14.630596,
                        0
                    ],
                    [
                        -90.516313,
                        14.630984,
                        0
                    ],
                    [
                        -90.516216,
                        14.631549,
                        0
                    ],
                    [
                        -90.516021,
                        14.633024,
                        0
                    ],
                    [
                        -90.515917,
                        14.63376,
                        0
                    ],
                    [
                        -90.515839,
                        14.634499,
                        0
                    ],
                    [
                        -90.515708,
                        14.635484,
                        0
                    ],
                    [
                        -90.515647,
                        14.636003,
                        0
                    ],
                    [
                        -90.515562,
                        14.636545,
                        0
                    ],
                    [
                        -90.515295,
                        14.638526,
                        0
                    ],
                    [
                        -90.514827,
                        14.642083,
                        0
                    ],
                    [
                        -90.514514,
                        14.644307,
                        0
                    ],
                    [
                        -90.514295,
                        14.645995,
                        0
                    ],
                    [
                        -90.512687,
                        14.645733,
                        0
                    ],
                    [
                        -90.511101,
                        14.645482,
                        0
                    ],
                    [
                        -90.511149,
                        14.645093,
                        0
                    ],
                    [
                        -90.511211,
                        14.644656,
                        0
                    ],
                    [
                        -90.511317,
                        14.643861,
                        0
                    ],
                    [
                        -90.511531,
                        14.642267,
                        0
                    ],
                    [
                        -90.51154,
                        14.642176,
                        0
                    ],
                    [
                        -90.511469,
                        14.642151,
                        0
                    ],
                    [
                        -90.5115,
                        14.641945,
                        0
                    ],
                    [
                        -90.511576,
                        14.641428,
                        0
                    ],
                    [
                        -90.511643,
                        14.640946,
                        0
                    ],
                    [
                        -90.511712,
                        14.64095,
                        0
                    ],
                    [
                        -90.511738,
                        14.640798,
                        0
                    ],
                    [
                        -90.511849,
                        14.640014,
                        0
                    ],
                    [
                        -90.511954,
                        14.639199,
                        0
                    ],
                    [
                        -90.512066,
                        14.638385,
                        0
                    ],
                    [
                        -90.512178,
                        14.637628,
                        0
                    ],
                    [
                        -90.512263,
                        14.63699,
                        0
                    ],
                    [
                        -90.512355,
                        14.636352,
                        0
                    ],
                    [
                        -90.512482,
                        14.635452,
                        0
                    ],
                    [
                        -90.512587,
                        14.634592,
                        0
                    ],
                    [
                        -90.512707,
                        14.633731,
                        0
                    ],
                    [
                        -90.512831,
                        14.632879,
                        0
                    ],
                    [
                        -90.513031,
                        14.631472,
                        0
                    ],
                    [
                        -90.513258,
                        14.630246,
                        0
                    ],
                    [
                        -90.513264,
                        14.630213,
                        0
                    ],
                    [
                        -90.513304,
                        14.630052,
                        0
                    ],
                    [
                        -90.513316,
                        14.629966,
                        0
                    ],
                    [
                        -90.513604,
                        14.627861,
                        0
                    ],
                    [
                        -90.51364,
                        14.627561,
                        0
                    ],
                    [
                        -90.513768,
                        14.627573,
                        0
                    ],
                    [
                        -90.513888,
                        14.627572,
                        0
                    ],
                    [
                        -90.513946,
                        14.627565,
                        0
                    ],
                    [
                        -90.514012,
                        14.627538,
                        0
                    ],
                    [
                        -90.514127,
                        14.627469,
                        0
                    ],
                    [
                        -90.51424,
                        14.627378,
                        0
                    ],
                    [
                        -90.51426,
                        14.627402,
                        0
                    ],
                    [
                        -90.514269,
                        14.627456,
                        0
                    ],
                    [
                        -90.514287,
                        14.627496,
                        0
                    ],
                    [
                        -90.514304,
                        14.627531,
                        0
                    ],
                    [
                        -90.514372,
                        14.627613,
                        0
                    ],
                    [
                        -90.514401,
                        14.627638,
                        0
                    ],
                    [
                        -90.514441,
                        14.627664,
                        0
                    ],
                    [
                        -90.514544,
                        14.627703,
                        0
                    ],
                    [
                        -90.514651,
                        14.627719,
                        0
                    ],
                    [
                        -90.514879,
                        14.627752,
                        0
                    ]
                ]
            },
            "properties": {
                "name": "Línea 1",
                "styleUrl": "#line-673AB7-2356-nodesc",
                "stroke-opacity": 1,
                "stroke": "#673ab7",
                "stroke-width": 2.356
            }
        },
        {
            "type": "Feature",
            "geometry": {
                "type": "Point",
                "coordinates": [
                    -90.51188,
                    14.65395,
                    0
                ]
            },
            "properties": {
                "name": "Simeón Cañas\n",
                "description": "Avenida Simeón Cañas y 7ª calle, zona 2.",
                "styleUrl": "#icon-1532-DB4436-labelson",
                "icon-opacity": 1,
                "icon-color": "#db4436",
                "icon-scale": 1,
                "icon": "https://www.gstatic.com/mapspro/images/stock/503-wht-blank_maps.png"
            }
        },
        {
            "type": "Feature",
            "geometry": {
                "type": "Point",
                "coordinates": [
                    -90.50978,
                    14.659542,
                    0
                ]
            },
            "properties": {
                "name": "Hipódromo del Norte",
                "description": "Avenida Simeón Cañas y 11 calle, zona 2.",
                "styleUrl": "#icon-1532-DB4436-labelson",
                "icon-opacity": 1,
                "icon-color": "#db4436",
                "icon-scale": 1,
                "icon": "https://www.gstatic.com/mapspro/images/stock/503-wht-blank_maps.png"
            }
        },
        {
            "type": "Feature",
            "geometry": {
                "type": "Point",
                "coordinates": [
                    -90.511943,
                    14.653842,
                    0
                ]
            },
            "properties": {
                "name": "San José de la Montaña\n",
                "description": "Avenida Simeón Cañas y 6ª calle, zona 2.",
                "styleUrl": "#icon-1532-DB4436-labelson",
                "icon-opacity": 1,
                "icon-color": "#db4436",
                "icon-scale": 1,
                "icon": "https://www.gstatic.com/mapspro/images/stock/503-wht-blank_maps.png"
            }
        },
        {
            "type": "Feature",
            "geometry": {
                "type": "Point",
                "coordinates": [
                    -90.513118,
                    14.65101,
                    0
                ]
            },
            "properties": {
                "name": "Jocotenango",
                "description": "6ª avenida entre 3ª y 4ª calle, zona 2.",
                "styleUrl": "#icon-1532-DB4436-labelson",
                "icon-opacity": 1,
                "icon-color": "#db4436",
                "icon-scale": 1,
                "icon": "https://www.gstatic.com/mapspro/images/stock/503-wht-blank_maps.png"
            }
        },
        {
            "type": "Feature",
            "geometry": {
                "type": "Polygon",
                "coordinates": [
                    [
                        [
                            -90.513152,
                            14.650953,
                            0
                        ],
                        [
                            -90.513175,
                            14.650726,
                            0
                        ],
                        [
                            -90.513171,
                            14.650632,
                            0
                        ],
                        [
                            -90.513132,
                            14.650547,
                            0
                        ],
                        [
                            -90.513061,
                            14.650494,
                            0
                        ],
                        [
                            -90.512987,
                            14.650475,
                            0
                        ],
                        [
                            -90.512919,
                            14.650464,
                            0
                        ],
                        [
                            -90.512812,
                            14.650444,
                            0
                        ],
                        [
                            -90.512873,
                            14.649912,
                            0
                        ],
                        [
                            -90.512937,
                            14.649354,
                            0
                        ],
                        [
                            -90.513053,
                            14.648377,
                            0
                        ],
                        [
                            -90.513081,
                            14.648134,
                            0
                        ],
                        [
                            -90.513124,
                            14.647838,
                            0
                        ],
                        [
                            -90.513279,
                            14.646676,
                            0
                        ],
                        [
                            -90.513287,
                            14.64661,
                            0
                        ],
                        [
                            -90.51329,
                            14.646544,
                            0
                        ],
                        [
                            -90.513393,
                            14.645866,
                            0
                        ],
                        [
                            -90.512647,
                            14.645752,
                            0
                        ],
                        [
                            -90.511984,
                            14.645651,
                            0
                        ],
                        [
                            -90.511946,
                            14.645646,
                            0
                        ],
                        [
                            -90.511907,
                            14.645931,
                            0
                        ],
                        [
                            -90.511858,
                            14.646229,
                            0
                        ],
                        [
                            -90.511814,
                            14.646578,
                            0
                        ],
                        [
                            -90.511753,
                            14.646932,
                            0
                        ],
                        [
                            -90.511616,
                            14.647786,
                            0
                        ],
                        [
                            -90.511424,
                            14.649234,
                            0
                        ],
                        [
                            -90.511364,
                            14.649675,
                            0
                        ],
                        [
                            -90.511339,
                            14.649893,
                            0
                        ],
                        [
                            -90.511316,
                            14.650121,
                            0
                        ],
                        [
                            -90.511283,
                            14.650351,
                            0
                        ],
                        [
                            -90.511176,
                            14.651081,
                            0
                        ],
                        [
                            -90.511078,
                            14.651814,
                            0
                        ],
                        [
                            -90.511067,
                            14.651881,
                            0
                        ],
                        [
                            -90.511756,
                            14.651939,
                            0
                        ],
                        [
                            -90.511887,
                            14.65195,
                            0
                        ],
                        [
                            -90.512016,
                            14.651961,
                            0
                        ],
                        [
                            -90.512078,
                            14.651994,
                            0
                        ],
                        [
                            -90.512179,
                            14.652036,
                            0
                        ],
                        [
                            -90.512226,
                            14.652075,
                            0
                        ],
                        [
                            -90.512268,
                            14.65214,
                            0
                        ],
                        [
                            -90.512302,
                            14.652243,
                            0
                        ],
                        [
                            -90.512331,
                            14.65239,
                            0
                        ],
                        [
                            -90.512283,
                            14.652444,
                            0
                        ],
                        [
                            -90.512256,
                            14.652503,
                            0
                        ],
                        [
                            -90.512231,
                            14.652597,
                            0
                        ],
                        [
                            -90.512172,
                            14.65293,
                            0
                        ],
                        [
                            -90.512113,
                            14.653215,
                            0
                        ],
                        [
                            -90.512082,
                            14.653425,
                            0
                        ],
                        [
                            -90.511823,
                            14.654089,
                            0
                        ],
                        [
                            -90.51152,
                            14.654878,
                            0
                        ],
                        [
                            -90.510434,
                            14.657746,
                            0
                        ],
                        [
                            -90.510114,
                            14.658645,
                            0
                        ],
                        [
                            -90.509778,
                            14.659543,
                            0
                        ],
                        [
                            -90.509796,
                            14.659547,
                            0
                        ],
                        [
                            -90.509903,
                            14.659265,
                            0
                        ],
                        [
                            -90.510003,
                            14.659004,
                            0
                        ],
                        [
                            -90.510211,
                            14.658437,
                            0
                        ],
                        [
                            -90.510284,
                            14.658236,
                            0
                        ],
                        [
                            -90.510358,
                            14.658028,
                            0
                        ],
                        [
                            -90.51051,
                            14.657615,
                            0
                        ],
                        [
                            -90.510564,
                            14.657467,
                            0
                        ],
                        [
                            -90.510616,
                            14.657333,
                            0
                        ],
                        [
                            -90.51071,
                            14.657083,
                            0
                        ],
                        [
                            -90.510897,
                            14.656585,
                            0
                        ],
                        [
                            -90.510989,
                            14.656345,
                            0
                        ],
                        [
                            -90.51108,
                            14.656098,
                            0
                        ],
                        [
                            -90.511269,
                            14.655595,
                            0
                        ],
                        [
                            -90.511322,
                            14.655459,
                            0
                        ],
                        [
                            -90.511392,
                            14.655281,
                            0
                        ],
                        [
                            -90.51151,
                            14.65497,
                            0
                        ],
                        [
                            -90.511576,
                            14.654794,
                            0
                        ],
                        [
                            -90.511655,
                            14.654593,
                            0
                        ],
                        [
                            -90.511795,
                            14.654219,
                            0
                        ],
                        [
                            -90.511842,
                            14.654098,
                            0
                        ],
                        [
                            -90.511896,
                            14.65396,
                            0
                        ],
                        [
                            -90.511984,
                            14.653735,
                            0
                        ],
                        [
                            -90.512089,
                            14.653453,
                            0
                        ],
                        [
                            -90.512123,
                            14.653367,
                            0
                        ],
                        [
                            -90.512177,
                            14.653275,
                            0
                        ],
                        [
                            -90.512282,
                            14.653057,
                            0
                        ],
                        [
                            -90.512355,
                            14.652874,
                            0
                        ],
                        [
                            -90.512406,
                            14.652731,
                            0
                        ],
                        [
                            -90.512464,
                            14.652564,
                            0
                        ],
                        [
                            -90.512505,
                            14.652449,
                            0
                        ],
                        [
                            -90.512508,
                            14.652403,
                            0
                        ],
                        [
                            -90.512503,
                            14.652357,
                            0
                        ],
                        [
                            -90.512479,
                            14.652266,
                            0
                        ],
                        [
                            -90.512616,
                            14.652149,
                            0
                        ],
                        [
                            -90.512748,
                            14.652027,
                            0
                        ],
                        [
                            -90.512813,
                            14.651964,
                            0
                        ],
                        [
                            -90.51284,
                            14.651943,
                            0
                        ],
                        [
                            -90.512885,
                            14.651942,
                            0
                        ],
                        [
                            -90.512934,
                            14.651936,
                            0
                        ],
                        [
                            -90.512982,
                            14.651914,
                            0
                        ],
                        [
                            -90.513028,
                            14.651889,
                            0
                        ],
                        [
                            -90.513051,
                            14.651692,
                            0
                        ],
                        [
                            -90.513079,
                            14.651515,
                            0
                        ],
                        [
                            -90.513152,
                            14.650953,
                            0
                        ]
                    ]
                ]
            },
            "properties": {
                "name": "Polígono 6",
                "styleUrl": "#poly-CE93D8-3401-0-nodesc",
                "fill-opacity": 0,
                "fill": "#ce93d8",
                "stroke-opacity": 1,
                "stroke": "#ce93d8",
                "stroke-width": 3.401
            }
        },
        {
            "type": "Feature",
            "geometry": {
                "type": "Point",
                "coordinates": [
                    -90.51309,
                    14.645822,
                    0
                ]
            },
            "properties": {
                "name": "San Sebastián - Líneas 1 y 2",
                "description": "3ª calle y 6ª avenida, zona 1.",
                "styleUrl": "#icon-1899-DB4436-labelson",
                "icon-opacity": 1,
                "icon-color": "#db4436",
                "icon-scale": 1,
                "icon-offset": [
                    32,
                    64
                ],
                "icon-offset-units": [
                    "pixels",
                    "insetPixels"
                ],
                "icon": "https://www.gstatic.com/mapspro/images/stock/503-wht-blank_maps.png"
            }
        },
        {
            "type": "Feature",
            "geometry": {
                "type": "Point",
                "coordinates": [
                    -90.511633,
                    14.630528,
                    0
                ]
            },
            "properties": {
                "name": "Plaza Barrios/FEGUA - Líneas 6 y 18",
                "description": "18 calle y 10ª avenida, zona 1.",
                "styleUrl": "#icon-1532-DB4436-labelson",
                "icon-opacity": 1,
                "icon-color": "#db4436",
                "icon-scale": 1,
                "icon": "https://www.gstatic.com/mapspro/images/stock/503-wht-blank_maps.png"
            }
        },
        {
            "type": "Feature",
            "geometry": {
                "type": "Point",
                "coordinates": [
                    -90.50937,
                    14.632644,
                    0
                ]
            },
            "properties": {
                "name": "Francos Monroy  - Líneas 6 y 18\n",
                "description": "11 avenida y 15 calle, zona 1.",
                "styleUrl": "#icon-1899-DB4436-labelson",
                "icon-opacity": 1,
                "icon-color": "#db4436",
                "icon-scale": 1,
                "icon-offset": [
                    32,
                    64
                ],
                "icon-offset-units": [
                    "pixels",
                    "insetPixels"
                ],
                "icon": "https://www.gstatic.com/mapspro/images/stock/503-wht-blank_maps.png"
            }
        },
        {
            "type": "Feature",
            "geometry": {
                "type": "Point",
                "coordinates": [
                    -90.508371,
                    14.639986,
                    0
                ]
            },
            "properties": {
                "name": "Colón - Líneas 6 y 18",
                "description": "11 avenida y 8ª calle, zona 1.",
                "styleUrl": "#icon-1532-DB4436-labelson",
                "icon-opacity": 1,
                "icon-color": "#db4436",
                "icon-scale": 1,
                "icon": "https://www.gstatic.com/mapspro/images/stock/503-wht-blank_maps.png"
            }
        },
        {
            "type": "Feature",
            "geometry": {
                "type": "Point",
                "coordinates": [
                    -90.504911,
                    14.648125,
                    0
                ]
            },
            "properties": {
                "name": "Cerro del Carmen - Líneas 6 y 18",
                "description": "1a calle y 13 avenida entre zona 1 y 2. Línea 6 en dirección a FEGUA-Plaza Barrios y Proyectos.",
                "styleUrl": "#icon-1532-DB4436-labelson",
                "icon-opacity": 1,
                "icon-color": "#db4436",
                "icon-scale": 1,
                "icon": "https://www.gstatic.com/mapspro/images/stock/503-wht-blank_maps.png"
            }
        },
        {
            "type": "Feature",
            "geometry": {
                "type": "Point",
                "coordinates": [
                    -90.499793,
                    14.649987,
                    0
                ]
            },
            "properties": {
                "name": "Parroquia ",
                "description": "15 avenida y 3ª calle, zona 6.",
                "styleUrl": "#icon-1532-DB4436-labelson",
                "icon-opacity": 1,
                "icon-color": "#db4436",
                "icon-scale": 1,
                "icon": "https://www.gstatic.com/mapspro/images/stock/503-wht-blank_maps.png"
            }
        },
        {
            "type": "Feature",
            "geometry": {
                "type": "Point",
                "coordinates": [
                    -90.497468,
                    14.651569,
                    0
                ]
            },
            "properties": {
                "name": "IGSS Zona 6",
                "description": "16 avenida y 6ª calle, zona 6.",
                "styleUrl": "#icon-1532-DB4436-labelson",
                "icon-opacity": 1,
                "icon-color": "#db4436",
                "icon-scale": 1,
                "icon": "https://www.gstatic.com/mapspro/images/stock/503-wht-blank_maps.png"
            }
        },
        {
            "type": "Feature",
            "geometry": {
                "type": "Point",
                "coordinates": [
                    -90.496075,
                    14.654944,
                    0
                ]
            },
            "properties": {
                "name": "Centro Zona 6",
                "description": "16 avenida y 10ª calle, zona 6.",
                "styleUrl": "#icon-1532-DB4436-labelson",
                "icon-opacity": 1,
                "icon-color": "#db4436",
                "icon-scale": 1,
                "icon": "https://www.gstatic.com/mapspro/images/stock/503-wht-blank_maps.png"
            }
        },
        {
            "type": "Feature",
            "geometry": {
                "type": "Point",
                "coordinates": [
                    -90.494055,
                    14.659034,
                    0
                ]
            },
            "properties": {
                "name": "Academia",
                "description": "16 avenida y 15 calle, zona 6.",
                "styleUrl": "#icon-1532-DB4436-labelson",
                "icon-opacity": 1,
                "icon-color": "#db4436",
                "icon-scale": 1,
                "icon": "https://www.gstatic.com/mapspro/images/stock/503-wht-blank_maps.png"
            }
        },
        {
            "type": "Feature",
            "geometry": {
                "type": "Point",
                "coordinates": [
                    -90.493794,
                    14.66532,
                    0
                ]
            },
            "properties": {
                "name": "Cipresales",
                "description": "Avenida La Pedrera y 18 calle, zona 6. En dirección a Proyectos y Plaza Barrios/FEGUA.",
                "styleUrl": "#icon-1532-DB4436-labelson",
                "icon-opacity": 1,
                "icon-color": "#db4436",
                "icon-scale": 1,
                "icon": "https://www.gstatic.com/mapspro/images/stock/503-wht-blank_maps.png"
            }
        },
        {
            "type": "Feature",
            "geometry": {
                "type": "Point",
                "coordinates": [
                    -90.491939,
                    14.667559,
                    0
                ]
            },
            "properties": {
                "name": "Proyectos 4-4",
                "description": "Avenida La Pedrera y 20 calle, zona 6. En dirección a Proyectos y Plaza Barrios/FEGUA.",
                "styleUrl": "#icon-1532-DB4436-labelson",
                "icon-opacity": 1,
                "icon-color": "#db4436",
                "icon-scale": 1,
                "icon": "https://www.gstatic.com/mapspro/images/stock/503-wht-blank_maps.png"
            }
        },
        {
            "type": "Feature",
            "geometry": {
                "type": "Point",
                "coordinates": [
                    -90.487462,
                    14.673329,
                    0
                ]
            },
            "properties": {
                "name": "Proyectos",
                "description": "Avenida La Pedrera y 25 calle, zona 6.",
                "styleUrl": "#icon-1532-DB4436-labelson",
                "icon-opacity": 1,
                "icon-color": "#db4436",
                "icon-scale": 1,
                "icon": "https://www.gstatic.com/mapspro/images/stock/503-wht-blank_maps.png"
            }
        },
        {
            "type": "Feature",
            "geometry": {
                "type": "Point",
                "coordinates": [
                    -90.495997,
                    14.658577,
                    0
                ]
            },
            "properties": {
                "name": "Quintanal",
                "description": "15 avenida y 13 calle, zona 6.",
                "styleUrl": "#icon-1532-DB4436-labelson",
                "icon-opacity": 1,
                "icon-color": "#db4436",
                "icon-scale": 1,
                "icon": "https://www.gstatic.com/mapspro/images/stock/503-wht-blank_maps.png"
            }
        },
        {
            "type": "Feature",
            "geometry": {
                "type": "Point",
                "coordinates": [
                    -90.496848,
                    14.656832,
                    0
                ]
            },
            "properties": {
                "name": "Corpus Christi",
                "description": "15 avenida y 10ª calle, zona 6.",
                "styleUrl": "#icon-1532-DB4436-labelson",
                "icon-opacity": 1,
                "icon-color": "#db4436",
                "icon-scale": 1,
                "icon": "https://www.gstatic.com/mapspro/images/stock/503-wht-blank_maps.png"
            }
        },
        {
            "type": "Feature",
            "geometry": {
                "type": "Point",
                "coordinates": [
                    -90.499998,
                    14.652954,
                    0
                ]
            },
            "properties": {
                "name": "José Martí",
                "description": "14 avenida y 7ª calle, zona 6.",
                "styleUrl": "#icon-1532-DB4436-labelson",
                "icon-opacity": 1,
                "icon-color": "#db4436",
                "icon-scale": 1,
                "icon": "https://www.gstatic.com/mapspro/images/stock/503-wht-blank_maps.png"
            }
        },
        {
            "type": "Feature",
            "geometry": {
                "type": "Point",
                "coordinates": [
                    -90.509165,
                    14.644051,
                    0
                ]
            },
            "properties": {
                "name": "Santa Teresa",
                "description": "10ª avenida y 4ª calle, zona 1.",
                "styleUrl": "#icon-1532-DB4436-labelson",
                "icon-opacity": 1,
                "icon-color": "#db4436",
                "icon-scale": 1,
                "icon": "https://www.gstatic.com/mapspro/images/stock/503-wht-blank_maps.png"
            }
        },
        {
            "type": "Feature",
            "geometry": {
                "type": "Point",
                "coordinates": [
                    -90.509892,
                    14.638554,
                    0
                ]
            },
            "properties": {
                "name": "Capuchinas - Líneas 6 y 18",
                "description": "10a avenida y 10a calle zona 1.",
                "styleUrl": "#icon-1532-DB4436-labelson",
                "icon-opacity": 1,
                "icon-color": "#db4436",
                "icon-scale": 1,
                "icon": "https://www.gstatic.com/mapspro/images/stock/503-wht-blank_maps.png"
            }
        },
        {
            "type": "Feature",
            "geometry": {
                "type": "Polygon",
                "coordinates": [
                    [
                        [
                            -90.511634,
                            14.630542,
                            0
                        ],
                        [
                            -90.509729,
                            14.630278,
                            0
                        ],
                        [
                            -90.509547,
                            14.631522,
                            0
                        ],
                        [
                            -90.50939,
                            14.632788,
                            0
                        ],
                        [
                            -90.509306,
                            14.633347,
                            0
                        ],
                        [
                            -90.509226,
                            14.633987,
                            0
                        ],
                        [
                            -90.509121,
                            14.634749,
                            0
                        ],
                        [
                            -90.509026,
                            14.635437,
                            0
                        ],
                        [
                            -90.508723,
                            14.637555,
                            0
                        ],
                        [
                            -90.508565,
                            14.638759,
                            0
                        ],
                        [
                            -90.508543,
                            14.638914,
                            0
                        ],
                        [
                            -90.50852,
                            14.639072,
                            0
                        ],
                        [
                            -90.508475,
                            14.639387,
                            0
                        ],
                        [
                            -90.508431,
                            14.639703,
                            0
                        ],
                        [
                            -90.508385,
                            14.64002,
                            0
                        ],
                        [
                            -90.508357,
                            14.640217,
                            0
                        ],
                        [
                            -90.508328,
                            14.640418,
                            0
                        ],
                        [
                            -90.508253,
                            14.640988,
                            0
                        ],
                        [
                            -90.508235,
                            14.641138,
                            0
                        ],
                        [
                            -90.508232,
                            14.641244,
                            0
                        ],
                        [
                            -90.5082,
                            14.641482,
                            0
                        ],
                        [
                            -90.508171,
                            14.641729,
                            0
                        ],
                        [
                            -90.508109,
                            14.642163,
                            0
                        ],
                        [
                            -90.508037,
                            14.642656,
                            0
                        ],
                        [
                            -90.507919,
                            14.643484,
                            0
                        ],
                        [
                            -90.507856,
                            14.643944,
                            0
                        ],
                        [
                            -90.507785,
                            14.644467,
                            0
                        ],
                        [
                            -90.507683,
                            14.645224,
                            0
                        ],
                        [
                            -90.50765,
                            14.645467,
                            0
                        ],
                        [
                            -90.507616,
                            14.645724,
                            0
                        ],
                        [
                            -90.507582,
                            14.645979,
                            0
                        ],
                        [
                            -90.507558,
                            14.646155,
                            0
                        ],
                        [
                            -90.507521,
                            14.646414,
                            0
                        ],
                        [
                            -90.507494,
                            14.646594,
                            0
                        ],
                        [
                            -90.507459,
                            14.646835,
                            0
                        ],
                        [
                            -90.507426,
                            14.64706,
                            0
                        ],
                        [
                            -90.507391,
                            14.647056,
                            0
                        ],
                        [
                            -90.507341,
                            14.647047,
                            0
                        ],
                        [
                            -90.507305,
                            14.64704,
                            0
                        ],
                        [
                            -90.507251,
                            14.647038,
                            0
                        ],
                        [
                            -90.507191,
                            14.647041,
                            0
                        ],
                        [
                            -90.507148,
                            14.647049,
                            0
                        ],
                        [
                            -90.507026,
                            14.647073,
                            0
                        ],
                        [
                            -90.50691,
                            14.647111,
                            0
                        ],
                        [
                            -90.506801,
                            14.647156,
                            0
                        ],
                        [
                            -90.506232,
                            14.647435,
                            0
                        ],
                        [
                            -90.50608,
                            14.647511,
                            0
                        ],
                        [
                            -90.505956,
                            14.647576,
                            0
                        ],
                        [
                            -90.505683,
                            14.647716,
                            0
                        ],
                        [
                            -90.505545,
                            14.647789,
                            0
                        ],
                        [
                            -90.505333,
                            14.647914,
                            0
                        ],
                        [
                            -90.50507,
                            14.648031,
                            0
                        ],
                        [
                            -90.504885,
                            14.648123,
                            0
                        ],
                        [
                            -90.504635,
                            14.64815,
                            0
                        ],
                        [
                            -90.504488,
                            14.648156,
                            0
                        ],
                        [
                            -90.504359,
                            14.64815,
                            0
                        ],
                        [
                            -90.504172,
                            14.648134,
                            0
                        ],
                        [
                            -90.503965,
                            14.648111,
                            0
                        ],
                        [
                            -90.503784,
                            14.648081,
                            0
                        ],
                        [
                            -90.503609,
                            14.64804,
                            0
                        ],
                        [
                            -90.503339,
                            14.647972,
                            0
                        ],
                        [
                            -90.503188,
                            14.647928,
                            0
                        ],
                        [
                            -90.503041,
                            14.647878,
                            0
                        ],
                        [
                            -90.502726,
                            14.647768,
                            0
                        ],
                        [
                            -90.502616,
                            14.647727,
                            0
                        ],
                        [
                            -90.5025,
                            14.647682,
                            0
                        ],
                        [
                            -90.502138,
                            14.647549,
                            0
                        ],
                        [
                            -90.501918,
                            14.647464,
                            0
                        ],
                        [
                            -90.501707,
                            14.647383,
                            0
                        ],
                        [
                            -90.501009,
                            14.647077,
                            0
                        ],
                        [
                            -90.500636,
                            14.647875,
                            0
                        ],
                        [
                            -90.500478,
                            14.648287,
                            0
                        ],
                        [
                            -90.50033,
                            14.648709,
                            0
                        ],
                        [
                            -90.500269,
                            14.648799,
                            0
                        ],
                        [
                            -90.500218,
                            14.6489,
                            0
                        ],
                        [
                            -90.500145,
                            14.649108,
                            0
                        ],
                        [
                            -90.499947,
                            14.649645,
                            0
                        ],
                        [
                            -90.499786,
                            14.650119,
                            0
                        ],
                        [
                            -90.49964,
                            14.650596,
                            0
                        ],
                        [
                            -90.498206,
                            14.650436,
                            0
                        ],
                        [
                            -90.498057,
                            14.650428,
                            0
                        ],
                        [
                            -90.498023,
                            14.650427,
                            0
                        ],
                        [
                            -90.497988,
                            14.650429,
                            0
                        ],
                        [
                            -90.497927,
                            14.650449,
                            0
                        ],
                        [
                            -90.497878,
                            14.650473,
                            0
                        ],
                        [
                            -90.497848,
                            14.650501,
                            0
                        ],
                        [
                            -90.497798,
                            14.650629,
                            0
                        ],
                        [
                            -90.497609,
                            14.651212,
                            0
                        ],
                        [
                            -90.497435,
                            14.651803,
                            0
                        ],
                        [
                            -90.497267,
                            14.652408,
                            0
                        ],
                        [
                            -90.497189,
                            14.6527,
                            0
                        ],
                        [
                            -90.497132,
                            14.652848,
                            0
                        ],
                        [
                            -90.497071,
                            14.652991,
                            0
                        ],
                        [
                            -90.496909,
                            14.653309,
                            0
                        ],
                        [
                            -90.496886,
                            14.653365,
                            0
                        ],
                        [
                            -90.496872,
                            14.653414,
                            0
                        ],
                        [
                            -90.496854,
                            14.653497,
                            0
                        ],
                        [
                            -90.496845,
                            14.653593,
                            0
                        ],
                        [
                            -90.496842,
                            14.653689,
                            0
                        ],
                        [
                            -90.496814,
                            14.653801,
                            0
                        ],
                        [
                            -90.496772,
                            14.653913,
                            0
                        ],
                        [
                            -90.496717,
                            14.654018,
                            0
                        ],
                        [
                            -90.496655,
                            14.654118,
                            0
                        ],
                        [
                            -90.496398,
                            14.654466,
                            0
                        ],
                        [
                            -90.49593,
                            14.655138,
                            0
                        ],
                        [
                            -90.495356,
                            14.655996,
                            0
                        ],
                        [
                            -90.494332,
                            14.65754,
                            0
                        ],
                        [
                            -90.494256,
                            14.657689,
                            0
                        ],
                        [
                            -90.494145,
                            14.657979,
                            0
                        ],
                        [
                            -90.494122,
                            14.65852,
                            0
                        ],
                        [
                            -90.494116,
                            14.65906,
                            0
                        ],
                        [
                            -90.49411,
                            14.660151,
                            0
                        ],
                        [
                            -90.494107,
                            14.66233,
                            0
                        ],
                        [
                            -90.49408,
                            14.662845,
                            0
                        ],
                        [
                            -90.494027,
                            14.663445,
                            0
                        ],
                        [
                            -90.493933,
                            14.664588,
                            0
                        ],
                        [
                            -90.493791,
                            14.665177,
                            0
                        ],
                        [
                            -90.493563,
                            14.665702,
                            0
                        ],
                        [
                            -90.493272,
                            14.666108,
                            0
                        ],
                        [
                            -90.492954,
                            14.666505,
                            0
                        ],
                        [
                            -90.492741,
                            14.666772,
                            0
                        ],
                        [
                            -90.492517,
                            14.666986,
                            0
                        ],
                        [
                            -90.491853,
                            14.667618,
                            0
                        ],
                        [
                            -90.490662,
                            14.668741,
                            0
                        ],
                        [
                            -90.489826,
                            14.669596,
                            0
                        ],
                        [
                            -90.489435,
                            14.670051,
                            0
                        ],
                        [
                            -90.489071,
                            14.670521,
                            0
                        ],
                        [
                            -90.488476,
                            14.671351,
                            0
                        ],
                        [
                            -90.48833,
                            14.671615,
                            0
                        ],
                        [
                            -90.488023,
                            14.672227,
                            0
                        ],
                        [
                            -90.487397,
                            14.67345,
                            0
                        ],
                        [
                            -90.487509,
                            14.673505,
                            0
                        ],
                        [
                            -90.48813,
                            14.672297,
                            0
                        ],
                        [
                            -90.488445,
                            14.67169,
                            0
                        ],
                        [
                            -90.488678,
                            14.671295,
                            0
                        ],
                        [
                            -90.489194,
                            14.670543,
                            0
                        ],
                        [
                            -90.489913,
                            14.669649,
                            0
                        ],
                        [
                            -90.490442,
                            14.669106,
                            0
                        ],
                        [
                            -90.490735,
                            14.668828,
                            0
                        ],
                        [
                            -90.492772,
                            14.666921,
                            0
                        ],
                        [
                            -90.49367,
                            14.665763,
                            0
                        ],
                        [
                            -90.493805,
                            14.665531,
                            0
                        ],
                        [
                            -90.493912,
                            14.665257,
                            0
                        ],
                        [
                            -90.49401,
                            14.664888,
                            0
                        ],
                        [
                            -90.494047,
                            14.664618,
                            0
                        ],
                        [
                            -90.494068,
                            14.664339,
                            0
                        ],
                        [
                            -90.494126,
                            14.663488,
                            0
                        ],
                        [
                            -90.494199,
                            14.66253,
                            0
                        ],
                        [
                            -90.494292,
                            14.662148,
                            0
                        ],
                        [
                            -90.494363,
                            14.661915,
                            0
                        ],
                        [
                            -90.494466,
                            14.661687,
                            0
                        ],
                        [
                            -90.494953,
                            14.660675,
                            0
                        ],
                        [
                            -90.495174,
                            14.660207,
                            0
                        ],
                        [
                            -90.495368,
                            14.659781,
                            0
                        ],
                        [
                            -90.49572,
                            14.659131,
                            0
                        ],
                        [
                            -90.497466,
                            14.655581,
                            0
                        ],
                        [
                            -90.497789,
                            14.654924,
                            0
                        ],
                        [
                            -90.498075,
                            14.654237,
                            0
                        ],
                        [
                            -90.499142,
                            14.654699,
                            0
                        ],
                        [
                            -90.499539,
                            14.65483,
                            0
                        ],
                        [
                            -90.49972,
                            14.654874,
                            0
                        ],
                        [
                            -90.49981,
                            14.654887,
                            0
                        ],
                        [
                            -90.499849,
                            14.654889,
                            0
                        ],
                        [
                            -90.499884,
                            14.654884,
                            0
                        ],
                        [
                            -90.49993,
                            14.654868,
                            0
                        ],
                        [
                            -90.499962,
                            14.654843,
                            0
                        ],
                        [
                            -90.499986,
                            14.654802,
                            0
                        ],
                        [
                            -90.499995,
                            14.654773,
                            0
                        ],
                        [
                            -90.499998,
                            14.654744,
                            0
                        ],
                        [
                            -90.499982,
                            14.653904,
                            0
                        ],
                        [
                            -90.499998,
                            14.65311,
                            0
                        ],
                        [
                            -90.500006,
                            14.652833,
                            0
                        ],
                        [
                            -90.500078,
                            14.652471,
                            0
                        ],
                        [
                            -90.500167,
                            14.652111,
                            0
                        ],
                        [
                            -90.50036,
                            14.651324,
                            0
                        ],
                        [
                            -90.500441,
                            14.650952,
                            0
                        ],
                        [
                            -90.500536,
                            14.650589,
                            0
                        ],
                        [
                            -90.500741,
                            14.649843,
                            0
                        ],
                        [
                            -90.501739,
                            14.64983,
                            0
                        ],
                        [
                            -90.501777,
                            14.64972,
                            0
                        ],
                        [
                            -90.501823,
                            14.649631,
                            0
                        ],
                        [
                            -90.502008,
                            14.649596,
                            0
                        ],
                        [
                            -90.502189,
                            14.649526,
                            0
                        ],
                        [
                            -90.502537,
                            14.649372,
                            0
                        ],
                        [
                            -90.502848,
                            14.649216,
                            0
                        ],
                        [
                            -90.502976,
                            14.649122,
                            0
                        ],
                        [
                            -90.503131,
                            14.649005,
                            0
                        ],
                        [
                            -90.503405,
                            14.648793,
                            0
                        ],
                        [
                            -90.50362,
                            14.648632,
                            0
                        ],
                        [
                            -90.503728,
                            14.648576,
                            0
                        ],
                        [
                            -90.503917,
                            14.648502,
                            0
                        ],
                        [
                            -90.504072,
                            14.648456,
                            0
                        ],
                        [
                            -90.504233,
                            14.648399,
                            0
                        ],
                        [
                            -90.504763,
                            14.648194,
                            0
                        ],
                        [
                            -90.504886,
                            14.648149,
                            0
                        ],
                        [
                            -90.505024,
                            14.648086,
                            0
                        ],
                        [
                            -90.50535,
                            14.64793,
                            0
                        ],
                        [
                            -90.505524,
                            14.647826,
                            0
                        ],
                        [
                            -90.505699,
                            14.647731,
                            0
                        ],
                        [
                            -90.506154,
                            14.647494,
                            0
                        ],
                        [
                            -90.506649,
                            14.647259,
                            0
                        ],
                        [
                            -90.506823,
                            14.647165,
                            0
                        ],
                        [
                            -90.506914,
                            14.647129,
                            0
                        ],
                        [
                            -90.507012,
                            14.6471,
                            0
                        ],
                        [
                            -90.5071,
                            14.647075,
                            0
                        ],
                        [
                            -90.507208,
                            14.64706,
                            0
                        ],
                        [
                            -90.507313,
                            14.647062,
                            0
                        ],
                        [
                            -90.507385,
                            14.647075,
                            0
                        ],
                        [
                            -90.507412,
                            14.647075,
                            0
                        ],
                        [
                            -90.508685,
                            14.647248,
                            0
                        ],
                        [
                            -90.509886,
                            14.638527,
                            0
                        ],
                        [
                            -90.51047,
                            14.634184,
                            0
                        ],
                        [
                            -90.51086,
                            14.63425,
                            0
                        ],
                        [
                            -90.511104,
                            14.634291,
                            0
                        ],
                        [
                            -90.511403,
                            14.634341,
                            0
                        ],
                        [
                            -90.511671,
                            14.634383,
                            0
                        ],
                        [
                            -90.511835,
                            14.634409,
                            0
                        ],
                        [
                            -90.512117,
                            14.634454,
                            0
                        ],
                        [
                            -90.51236,
                            14.634493,
                            0
                        ],
                        [
                            -90.512611,
                            14.634533,
                            0
                        ],
                        [
                            -90.512644,
                            14.6343,
                            0
                        ],
                        [
                            -90.51266,
                            14.634186,
                            0
                        ],
                        [
                            -90.512676,
                            14.634079,
                            0
                        ],
                        [
                            -90.512711,
                            14.633827,
                            0
                        ],
                        [
                            -90.512732,
                            14.633687,
                            0
                        ],
                        [
                            -90.512747,
                            14.633577,
                            0
                        ],
                        [
                            -90.512818,
                            14.633078,
                            0
                        ],
                        [
                            -90.512854,
                            14.632826,
                            0
                        ],
                        [
                            -90.512891,
                            14.632564,
                            0
                        ],
                        [
                            -90.513049,
                            14.631474,
                            0
                        ],
                        [
                            -90.513192,
                            14.630712,
                            0
                        ],
                        [
                            -90.512562,
                            14.630658,
                            0
                        ],
                        [
                            -90.512253,
                            14.630631,
                            0
                        ],
                        [
                            -90.512016,
                            14.630597,
                            0
                        ],
                        [
                            -90.511634,
                            14.630542,
                            0
                        ]
                    ]
                ]
            },
            "properties": {
                "name": "Línea 6",
                "styleUrl": "#poly-FFD600-3201-0-nodesc",
                "fill-opacity": 0,
                "fill": "#ffd600",
                "stroke-opacity": 1,
                "stroke": "#ffd600",
                "stroke-width": 3.201
            }
        },
        {
            "type": "Feature",
            "geometry": {
                "type": "Point",
                "coordinates": [
                    -90.550515,
                    14.593119,
                    0
                ]
            },
            "properties": {
                "name": "USAC Periférico",
                "description": "Anillo Periférico y 11 avenida, zona 12.",
                "styleUrl": "#icon-1532-DB4436-labelson",
                "icon-opacity": 1,
                "icon-color": "#db4436",
                "icon-scale": 1,
                "icon": "https://www.gstatic.com/mapspro/images/stock/503-wht-blank_maps.png"
            }
        },
        {
            "type": "Feature",
            "geometry": {
                "type": "Point",
                "coordinates": [
                    -90.559135,
                    14.599635,
                    0
                ]
            },
            "properties": {
                "name": "Granai - Dir. La Merced\n",
                "description": "Anillo Periférico 12 avenida, zona 11. En dirección a La Merced.",
                "styleUrl": "#icon-1532-DB4436-labelson",
                "icon-opacity": 1,
                "icon-color": "#db4436",
                "icon-scale": 1,
                "icon": "https://www.gstatic.com/mapspro/images/stock/503-wht-blank_maps.png"
            }
        },
        {
            "type": "Feature",
            "geometry": {
                "type": "Point",
                "coordinates": [
                    -90.55953,
                    14.599572,
                    0
                ]
            },
            "properties": {
                "name": "Granai - Dir. USAC Periférico",
                "description": "Anillo Periférico 9ª avenida A, zona 11. En dirección a USAC Periférico.",
                "styleUrl": "#icon-1532-DB4436-labelson",
                "icon-opacity": 1,
                "icon-color": "#db4436",
                "icon-scale": 1,
                "icon": "https://www.gstatic.com/mapspro/images/stock/503-wht-blank_maps.png"
            }
        },
        {
            "type": "Feature",
            "geometry": {
                "type": "Point",
                "coordinates": [
                    -90.558211,
                    14.607072,
                    0
                ]
            },
            "properties": {
                "name": "Rodolfo Robles - Dir. La Merced\n",
                "description": "Anillo Periférico 20 calle, zona 11. En dirección a La Merced.",
                "styleUrl": "#icon-1532-DB4436-labelson",
                "icon-opacity": 1,
                "icon-color": "#db4436",
                "icon-scale": 1,
                "icon": "https://www.gstatic.com/mapspro/images/stock/503-wht-blank_maps.png"
            }
        },
        {
            "type": "Feature",
            "geometry": {
                "type": "Point",
                "coordinates": [
                    -90.558094,
                    14.607673,
                    0
                ]
            },
            "properties": {
                "name": "Rodolfo Robles - Dir. USAC Periférico",
                "description": "Anillo Periférico Diagonal 21 y calle Mariscal, zona 11. En dirección a USAC Periférico.",
                "styleUrl": "#icon-1532-DB4436-labelson",
                "icon-opacity": 1,
                "icon-color": "#db4436",
                "icon-scale": 1,
                "icon": "https://www.gstatic.com/mapspro/images/stock/503-wht-blank_maps.png"
            }
        },
        {
            "type": "Feature",
            "geometry": {
                "type": "Point",
                "coordinates": [
                    -90.556525,
                    14.609437,
                    0
                ]
            },
            "properties": {
                "name": "CEJUSA - Dir. La Merced\n",
                "description": "Anillo Periférico y 18 calle, zona 11. En dirección a La Merced.",
                "styleUrl": "#icon-1532-DB4436-labelson",
                "icon-opacity": 1,
                "icon-color": "#db4436",
                "icon-scale": 1,
                "icon": "https://www.gstatic.com/mapspro/images/stock/503-wht-blank_maps.png"
            }
        },
        {
            "type": "Feature",
            "geometry": {
                "type": "Point",
                "coordinates": [
                    -90.556431,
                    14.610095,
                    0
                ]
            },
            "properties": {
                "name": "CEJUSA - Dir. USAC Periférico",
                "description": "Anillo Periférico y 17 calle, zona 11. En dirección a USAC Periférico.",
                "styleUrl": "#icon-1532-DB4436-labelson",
                "icon-opacity": 1,
                "icon-color": "#db4436",
                "icon-scale": 1,
                "icon": "https://www.gstatic.com/mapspro/images/stock/503-wht-blank_maps.png"
            }
        },
        {
            "type": "Feature",
            "geometry": {
                "type": "Point",
                "coordinates": [
                    -90.555686,
                    14.618358,
                    0
                ]
            },
            "properties": {
                "name": "San Jorge - Dir. La Merced\n",
                "description": "Anillo Periférico y 21 avenida, zona 11. En dirección a La Merced.",
                "styleUrl": "#icon-1532-DB4436-labelson",
                "icon-opacity": 1,
                "icon-color": "#db4436",
                "icon-scale": 1,
                "icon": "https://www.gstatic.com/mapspro/images/stock/503-wht-blank_maps.png"
            }
        },
        {
            "type": "Feature",
            "geometry": {
                "type": "Point",
                "coordinates": [
                    -90.556556,
                    14.619297,
                    0
                ]
            },
            "properties": {
                "name": "San Jorge - Dir. USAC Periférico",
                "description": "Anillo Periférico y 22 avenida, zona 11. En dirección a USAC Periférico.",
                "styleUrl": "#icon-1532-DB4436-labelson",
                "icon-opacity": 1,
                "icon-color": "#db4436",
                "icon-scale": 1,
                "icon": "https://www.gstatic.com/mapspro/images/stock/503-wht-blank_maps.png"
            }
        },
        {
            "type": "Feature",
            "geometry": {
                "type": "Point",
                "coordinates": [
                    -90.558273,
                    14.626222,
                    0
                ]
            },
            "properties": {
                "name": "Roosevelt - Dir. La Merced\n",
                "description": "Anillo Periférico y Calzada Roosevelt, zona 11. En dirección a La Merced.",
                "styleUrl": "#icon-1532-DB4436-labelson",
                "icon-opacity": 1,
                "icon-color": "#db4436",
                "icon-scale": 1,
                "icon": "https://www.gstatic.com/mapspro/images/stock/503-wht-blank_maps.png"
            }
        },
        {
            "type": "Feature",
            "geometry": {
                "type": "Point",
                "coordinates": [
                    -90.559009,
                    14.626041,
                    0
                ]
            },
            "properties": {
                "name": "Roosevelt - Dir. USAC Periférico",
                "description": "Anillo Periférico y Calzada Roosevelt, zona 11. En dirección a USAC Periférico.",
                "styleUrl": "#icon-1532-DB4436-labelson",
                "icon-opacity": 1,
                "icon-color": "#db4436",
                "icon-scale": 1,
                "icon": "https://www.gstatic.com/mapspro/images/stock/503-wht-blank_maps.png"
            }
        },
        {
            "type": "Feature",
            "geometry": {
                "type": "Point",
                "coordinates": [
                    -90.554744,
                    14.63024,
                    0
                ]
            },
            "properties": {
                "name": "San Juan - Dir. La Merced\n",
                "description": "Anillo Periférico entre 4ª y 6ª calles, zona 7. En dirección a La Merced.",
                "styleUrl": "#icon-1532-DB4436-labelson",
                "icon-opacity": 1,
                "icon-color": "#db4436",
                "icon-scale": 1,
                "icon": "https://www.gstatic.com/mapspro/images/stock/503-wht-blank_maps.png"
            }
        },
        {
            "type": "Feature",
            "geometry": {
                "type": "Point",
                "coordinates": [
                    -90.554974,
                    14.63042,
                    0
                ]
            },
            "properties": {
                "name": "San Juan - Dir. USAC Periférico",
                "description": "Anillo Periférico 6ª calle, zona 7. En dirección a USAC Periférico.",
                "styleUrl": "#icon-1532-DB4436-labelson",
                "icon-opacity": 1,
                "icon-color": "#db4436",
                "icon-scale": 1,
                "icon": "https://www.gstatic.com/mapspro/images/stock/503-wht-blank_maps.png"
            }
        },
        {
            "type": "Feature",
            "geometry": {
                "type": "Point",
                "coordinates": [
                    -90.550556,
                    14.638306,
                    0
                ]
            },
            "properties": {
                "name": "Ciudad de Plata II - Dir. La Merced\n",
                "description": "Anillo Periférico y 14 calle, zona 7. En dirección a La Merced.",
                "styleUrl": "#icon-1532-DB4436-labelson",
                "icon-opacity": 1,
                "icon-color": "#db4436",
                "icon-scale": 1,
                "icon": "https://www.gstatic.com/mapspro/images/stock/503-wht-blank_maps.png"
            }
        },
        {
            "type": "Feature",
            "geometry": {
                "type": "Point",
                "coordinates": [
                    -90.550753,
                    14.63849,
                    0
                ]
            },
            "properties": {
                "name": "Ciudad de Plata II - Dir. USAC Periférico",
                "description": {
                    "@type": "html",
                    "value": "Anillo Periférico y 13 calle \"B\", zona 7. En dirección a USAC Periférico."
                },
                "styleUrl": "#icon-1532-DB4436-labelson",
                "icon-opacity": 1,
                "icon-color": "#db4436",
                "icon-scale": 1,
                "icon": "https://www.gstatic.com/mapspro/images/stock/503-wht-blank_maps.png"
            }
        },
        {
            "type": "Feature",
            "geometry": {
                "type": "Point",
                "coordinates": [
                    -90.546255,
                    14.64133,
                    0
                ]
            },
            "properties": {
                "name": "Villa Linda - Dir. La Merced\n",
                "description": "Anillo Periférico y 16 calle, zona 7. En dirección a La Merced.",
                "styleUrl": "#icon-1532-DB4436-labelson",
                "icon-opacity": 1,
                "icon-color": "#db4436",
                "icon-scale": 1,
                "icon": "https://www.gstatic.com/mapspro/images/stock/503-wht-blank_maps.png"
            }
        },
        {
            "type": "Feature",
            "geometry": {
                "type": "Point",
                "coordinates": [
                    -90.545503,
                    14.64223,
                    0
                ]
            },
            "properties": {
                "name": "Villa Linda - Dir. USAC Periférico",
                "description": "Anillo Periférico y 16 calle, zona 7. En dirección a USAC Periférico.",
                "styleUrl": "#icon-1532-DB4436-labelson",
                "icon-opacity": 1,
                "icon-color": "#db4436",
                "icon-scale": 1,
                "icon": "https://www.gstatic.com/mapspro/images/stock/503-wht-blank_maps.png"
            }
        },
        {
            "type": "Feature",
            "geometry": {
                "type": "Point",
                "coordinates": [
                    -90.539666,
                    14.644918,
                    0
                ]
            },
            "properties": {
                "name": "4 de febrero - Dir. La Merced\n",
                "description": "Anillo Periférico 6ª calle, zona 7. En dirección a La Merced.",
                "styleUrl": "#icon-1532-DB4436-labelson",
                "icon-opacity": 1,
                "icon-color": "#db4436",
                "icon-scale": 1,
                "icon": "https://www.gstatic.com/mapspro/images/stock/503-wht-blank_maps.png"
            }
        },
        {
            "type": "Feature",
            "geometry": {
                "type": "Point",
                "coordinates": [
                    -90.540825,
                    14.644507,
                    0
                ]
            },
            "properties": {
                "name": "4 de febrero - Dir. USAC Periférico",
                "description": "Anillo Periférico y 22 calle, zona 7. En dirección a USAC Periférico.",
                "styleUrl": "#icon-1532-DB4436-labelson",
                "icon-opacity": 1,
                "icon-color": "#db4436",
                "icon-scale": 1,
                "icon": "https://www.gstatic.com/mapspro/images/stock/503-wht-blank_maps.png"
            }
        },
        {
            "type": "Feature",
            "geometry": {
                "type": "Point",
                "coordinates": [
                    -90.536813,
                    14.645891,
                    0
                ]
            },
            "properties": {
                "name": "Bethania - Dir. USAC Periférico",
                "description": "Anillo Periférico y 13 avenida, zona 7. En dirección a USAC Periférico.",
                "styleUrl": "#icon-1532-DB4436-labelson",
                "icon-opacity": 1,
                "icon-color": "#db4436",
                "icon-scale": 1,
                "icon": "https://www.gstatic.com/mapspro/images/stock/503-wht-blank_maps.png"
            }
        },
        {
            "type": "Feature",
            "geometry": {
                "type": "Point",
                "coordinates": [
                    -90.530966,
                    14.648711,
                    0
                ]
            },
            "properties": {
                "name": "Incienso - Dir. La Merced\n",
                "description": "Anillo Periférico y Puente El Incienso, zona 7. En dirección a La Merced.",
                "styleUrl": "#icon-1532-DB4436-labelson",
                "icon-opacity": 1,
                "icon-color": "#db4436",
                "icon-scale": 1,
                "icon": "https://www.gstatic.com/mapspro/images/stock/503-wht-blank_maps.png"
            }
        },
        {
            "type": "Feature",
            "geometry": {
                "type": "Point",
                "coordinates": [
                    -90.531398,
                    14.648794,
                    0
                ]
            },
            "properties": {
                "name": "Incienso - Dir. USAC Periférico",
                "description": "Anillo Periférico y Puente El Incienso, zona 7. En dirección a USAC Periférico.",
                "styleUrl": "#icon-1532-DB4436-labelson",
                "icon-opacity": 1,
                "icon-color": "#db4436",
                "icon-scale": 1,
                "icon": "https://www.gstatic.com/mapspro/images/stock/503-wht-blank_maps.png"
            }
        },
        {
            "type": "Feature",
            "geometry": {
                "type": "Point",
                "coordinates": [
                    -90.51889,
                    14.64123,
                    0
                ]
            },
            "properties": {
                "name": "San Juan de Dios",
                "description": "9ª calle y 2ª avenida, zona 1.",
                "styleUrl": "#icon-1532-DB4436-labelson",
                "icon-opacity": 1,
                "icon-color": "#db4436",
                "icon-scale": 1,
                "icon": "https://www.gstatic.com/mapspro/images/stock/503-wht-blank_maps.png"
            }
        },
        {
            "type": "Feature",
            "geometry": {
                "type": "Point",
                "coordinates": [
                    -90.513068,
                    14.640319,
                    0
                ]
            },
            "properties": {
                "name": "Pasaje Aycinena",
                "description": "9ª calle y 7ª avenida, zona 1.",
                "styleUrl": "#icon-1532-DB4436-labelson",
                "icon-opacity": 1,
                "icon-color": "#db4436",
                "icon-scale": 1,
                "icon": "https://www.gstatic.com/mapspro/images/stock/503-wht-blank_maps.png"
            }
        },
        {
            "type": "Feature",
            "geometry": {
                "type": "Point",
                "coordinates": [
                    -90.507925,
                    14.64347,
                    0
                ]
            },
            "properties": {
                "name": "La Merced\n",
                "description": "11 avenida y 4ª calle, zona 1.",
                "styleUrl": "#icon-1899-DB4436-labelson",
                "icon-opacity": 1,
                "icon-color": "#db4436",
                "icon-scale": 1,
                "icon-offset": [
                    32,
                    64
                ],
                "icon-offset-units": [
                    "pixels",
                    "insetPixels"
                ],
                "icon": "https://www.gstatic.com/mapspro/images/stock/503-wht-blank_maps.png"
            }
        },
        {
            "type": "Feature",
            "geometry": {
                "type": "Point",
                "coordinates": [
                    -90.510945,
                    14.64424,
                    0
                ]
            },
            "properties": {
                "name": "Cruz Roja",
                "description": "4ª calle y 8ª avenida, zona 1.",
                "styleUrl": "#icon-1532-DB4436-labelson",
                "icon-opacity": 1,
                "icon-color": "#db4436",
                "icon-scale": 1,
                "icon": "https://www.gstatic.com/mapspro/images/stock/503-wht-blank_maps.png"
            }
        },
        {
            "type": "Feature",
            "geometry": {
                "type": "Point",
                "coordinates": [
                    -90.515695,
                    14.642434,
                    0
                ]
            },
            "properties": {
                "name": "Archivo General",
                "description": "4ª avenida y 7ª calle, zona 1.",
                "styleUrl": "#icon-1532-DB4436-labelson",
                "icon-opacity": 1,
                "icon-color": "#db4436",
                "icon-scale": 1,
                "icon": "https://www.gstatic.com/mapspro/images/stock/503-wht-blank_maps.png"
            }
        },
        {
            "type": "Feature",
            "geometry": {
                "type": "Point",
                "coordinates": [
                    -90.519303,
                    14.642088,
                    0
                ]
            },
            "properties": {
                "name": "Santuario de Guadalupe",
                "description": "8ª calle y 1ª avenida, zona 1.",
                "styleUrl": "#icon-1532-DB4436-labelson",
                "icon-opacity": 1,
                "icon-color": "#db4436",
                "icon-scale": 1,
                "icon": "https://www.gstatic.com/mapspro/images/stock/503-wht-blank_maps.png"
            }
        },
        {
            "type": "Feature",
            "geometry": {
                "type": "LineString",
                "coordinates": [
                    [
                        -90.507915,
                        14.643535,
                        0
                    ],
                    [
                        -90.507886,
                        14.643772,
                        0
                    ],
                    [
                        -90.508247,
                        14.643818,
                        0
                    ],
                    [
                        -90.508801,
                        14.643893,
                        0
                    ],
                    [
                        -90.509689,
                        14.644021,
                        0
                    ],
                    [
                        -90.511487,
                        14.644287,
                        0
                    ],
                    [
                        -90.512245,
                        14.644408,
                        0
                    ],
                    [
                        -90.512795,
                        14.644515,
                        0
                    ],
                    [
                        -90.512889,
                        14.644523,
                        0
                    ],
                    [
                        -90.513318,
                        14.644585,
                        0
                    ],
                    [
                        -90.515334,
                        14.644898,
                        0
                    ],
                    [
                        -90.515563,
                        14.643128,
                        0
                    ],
                    [
                        -90.515672,
                        14.642287,
                        0
                    ],
                    [
                        -90.515776,
                        14.64157,
                        0
                    ],
                    [
                        -90.516086,
                        14.641612,
                        0
                    ],
                    [
                        -90.516432,
                        14.64167,
                        0
                    ],
                    [
                        -90.516796,
                        14.641742,
                        0
                    ],
                    [
                        -90.517141,
                        14.641797,
                        0
                    ],
                    [
                        -90.51849,
                        14.642008,
                        0
                    ],
                    [
                        -90.518859,
                        14.642063,
                        0
                    ],
                    [
                        -90.519238,
                        14.64212,
                        0
                    ],
                    [
                        -90.519999,
                        14.642237,
                        0
                    ],
                    [
                        -90.521388,
                        14.642459,
                        0
                    ],
                    [
                        -90.522005,
                        14.642553,
                        0
                    ],
                    [
                        -90.522299,
                        14.642598,
                        0
                    ],
                    [
                        -90.522365,
                        14.642623,
                        0
                    ],
                    [
                        -90.522425,
                        14.642653,
                        0
                    ],
                    [
                        -90.522536,
                        14.642721,
                        0
                    ],
                    [
                        -90.522664,
                        14.642864,
                        0
                    ],
                    [
                        -90.52279,
                        14.643046,
                        0
                    ],
                    [
                        -90.523571,
                        14.644277,
                        0
                    ],
                    [
                        -90.523738,
                        14.644473,
                        0
                    ],
                    [
                        -90.523924,
                        14.644653,
                        0
                    ],
                    [
                        -90.524196,
                        14.644865,
                        0
                    ],
                    [
                        -90.524689,
                        14.64522,
                        0
                    ],
                    [
                        -90.525208,
                        14.645625,
                        0
                    ],
                    [
                        -90.525533,
                        14.645894,
                        0
                    ],
                    [
                        -90.525934,
                        14.64625,
                        0
                    ],
                    [
                        -90.526226,
                        14.64649,
                        0
                    ],
                    [
                        -90.526582,
                        14.646751,
                        0
                    ],
                    [
                        -90.52685,
                        14.646973,
                        0
                    ],
                    [
                        -90.527189,
                        14.647254,
                        0
                    ],
                    [
                        -90.527428,
                        14.647446,
                        0
                    ],
                    [
                        -90.527683,
                        14.647636,
                        0
                    ],
                    [
                        -90.528011,
                        14.647882,
                        0
                    ],
                    [
                        -90.528473,
                        14.64825,
                        0
                    ],
                    [
                        -90.528758,
                        14.648482,
                        0
                    ],
                    [
                        -90.529039,
                        14.648705,
                        0
                    ],
                    [
                        -90.529313,
                        14.648906,
                        0
                    ],
                    [
                        -90.529553,
                        14.649032,
                        0
                    ],
                    [
                        -90.529708,
                        14.649089,
                        0
                    ],
                    [
                        -90.529885,
                        14.649132,
                        0
                    ],
                    [
                        -90.530006,
                        14.649155,
                        0
                    ],
                    [
                        -90.530111,
                        14.64916,
                        0
                    ],
                    [
                        -90.530297,
                        14.649147,
                        0
                    ],
                    [
                        -90.530442,
                        14.649119,
                        0
                    ],
                    [
                        -90.530572,
                        14.649087,
                        0
                    ],
                    [
                        -90.530708,
                        14.649048,
                        0
                    ],
                    [
                        -90.530841,
                        14.648993,
                        0
                    ],
                    [
                        -90.531308,
                        14.648776,
                        0
                    ],
                    [
                        -90.531602,
                        14.64863,
                        0
                    ],
                    [
                        -90.531896,
                        14.648498,
                        0
                    ],
                    [
                        -90.532139,
                        14.648342,
                        0
                    ],
                    [
                        -90.532372,
                        14.648105,
                        0
                    ],
                    [
                        -90.532507,
                        14.647869,
                        0
                    ],
                    [
                        -90.532595,
                        14.647601,
                        0
                    ],
                    [
                        -90.532643,
                        14.647185,
                        0
                    ],
                    [
                        -90.532661,
                        14.646936,
                        0
                    ],
                    [
                        -90.532716,
                        14.646628,
                        0
                    ],
                    [
                        -90.532774,
                        14.646419,
                        0
                    ],
                    [
                        -90.532896,
                        14.64618,
                        0
                    ],
                    [
                        -90.533086,
                        14.64595,
                        0
                    ],
                    [
                        -90.533297,
                        14.645748,
                        0
                    ],
                    [
                        -90.533412,
                        14.645679,
                        0
                    ],
                    [
                        -90.533564,
                        14.645605,
                        0
                    ],
                    [
                        -90.533799,
                        14.645528,
                        0
                    ],
                    [
                        -90.534058,
                        14.645521,
                        0
                    ],
                    [
                        -90.534916,
                        14.645623,
                        0
                    ],
                    [
                        -90.535782,
                        14.645721,
                        0
                    ],
                    [
                        -90.535995,
                        14.645745,
                        0
                    ],
                    [
                        -90.536235,
                        14.645759,
                        0
                    ],
                    [
                        -90.536547,
                        14.645757,
                        0
                    ],
                    [
                        -90.537112,
                        14.645863,
                        0
                    ],
                    [
                        -90.537595,
                        14.645922,
                        0
                    ],
                    [
                        -90.53784,
                        14.645921,
                        0
                    ],
                    [
                        -90.538069,
                        14.645894,
                        0
                    ],
                    [
                        -90.538351,
                        14.645818,
                        0
                    ],
                    [
                        -90.538653,
                        14.645685,
                        0
                    ],
                    [
                        -90.539769,
                        14.645052,
                        0
                    ],
                    [
                        -90.540498,
                        14.644628,
                        0
                    ],
                    [
                        -90.541171,
                        14.644269,
                        0
                    ],
                    [
                        -90.542336,
                        14.643673,
                        0
                    ],
                    [
                        -90.542922,
                        14.643379,
                        0
                    ],
                    [
                        -90.543448,
                        14.64313,
                        0
                    ],
                    [
                        -90.543681,
                        14.643037,
                        0
                    ],
                    [
                        -90.543957,
                        14.642932,
                        0
                    ],
                    [
                        -90.544358,
                        14.642793,
                        0
                    ],
                    [
                        -90.544633,
                        14.642699,
                        0
                    ],
                    [
                        -90.544819,
                        14.642595,
                        0
                    ],
                    [
                        -90.545226,
                        14.64237,
                        0
                    ],
                    [
                        -90.545516,
                        14.642121,
                        0
                    ],
                    [
                        -90.545822,
                        14.64184,
                        0
                    ],
                    [
                        -90.546016,
                        14.641687,
                        0
                    ],
                    [
                        -90.546225,
                        14.641547,
                        0
                    ],
                    [
                        -90.546443,
                        14.641417,
                        0
                    ],
                    [
                        -90.547105,
                        14.641053,
                        0
                    ],
                    [
                        -90.54748,
                        14.640855,
                        0
                    ],
                    [
                        -90.547842,
                        14.640656,
                        0
                    ],
                    [
                        -90.548441,
                        14.640355,
                        0
                    ],
                    [
                        -90.549059,
                        14.640034,
                        0
                    ],
                    [
                        -90.549637,
                        14.63972,
                        0
                    ],
                    [
                        -90.54988,
                        14.639542,
                        0
                    ],
                    [
                        -90.550074,
                        14.639371,
                        0
                    ],
                    [
                        -90.550229,
                        14.639202,
                        0
                    ],
                    [
                        -90.550367,
                        14.639026,
                        0
                    ],
                    [
                        -90.550623,
                        14.6386,
                        0
                    ],
                    [
                        -90.551395,
                        14.637098,
                        0
                    ],
                    [
                        -90.551622,
                        14.636665,
                        0
                    ],
                    [
                        -90.551782,
                        14.636375,
                        0
                    ],
                    [
                        -90.552259,
                        14.635505,
                        0
                    ],
                    [
                        -90.552465,
                        14.635113,
                        0
                    ],
                    [
                        -90.552667,
                        14.634719,
                        0
                    ],
                    [
                        -90.553119,
                        14.633854,
                        0
                    ],
                    [
                        -90.553259,
                        14.633598,
                        0
                    ],
                    [
                        -90.553337,
                        14.633464,
                        0
                    ],
                    [
                        -90.553413,
                        14.63331,
                        0
                    ],
                    [
                        -90.55368,
                        14.632755,
                        0
                    ],
                    [
                        -90.554217,
                        14.631724,
                        0
                    ],
                    [
                        -90.554749,
                        14.630702,
                        0
                    ],
                    [
                        -90.554964,
                        14.630246,
                        0
                    ],
                    [
                        -90.555275,
                        14.629631,
                        0
                    ],
                    [
                        -90.555444,
                        14.629305,
                        0
                    ],
                    [
                        -90.555483,
                        14.629152,
                        0
                    ],
                    [
                        -90.555541,
                        14.629002,
                        0
                    ],
                    [
                        -90.555817,
                        14.628354,
                        0
                    ],
                    [
                        -90.555955,
                        14.62808,
                        0
                    ],
                    [
                        -90.556103,
                        14.627881,
                        0
                    ],
                    [
                        -90.556255,
                        14.627757,
                        0
                    ],
                    [
                        -90.556509,
                        14.627594,
                        0
                    ],
                    [
                        -90.556783,
                        14.627413,
                        0
                    ],
                    [
                        -90.55709,
                        14.627229,
                        0
                    ],
                    [
                        -90.557449,
                        14.627014,
                        0
                    ],
                    [
                        -90.557696,
                        14.626856,
                        0
                    ],
                    [
                        -90.557917,
                        14.626704,
                        0
                    ],
                    [
                        -90.55842,
                        14.626387,
                        0
                    ],
                    [
                        -90.558958,
                        14.625998,
                        0
                    ],
                    [
                        -90.559144,
                        14.625848,
                        0
                    ],
                    [
                        -90.559277,
                        14.625672,
                        0
                    ],
                    [
                        -90.559412,
                        14.625396,
                        0
                    ],
                    [
                        -90.559477,
                        14.625252,
                        0
                    ],
                    [
                        -90.559505,
                        14.625095,
                        0
                    ],
                    [
                        -90.559516,
                        14.624954,
                        0
                    ],
                    [
                        -90.559458,
                        14.624727,
                        0
                    ],
                    [
                        -90.559333,
                        14.624455,
                        0
                    ],
                    [
                        -90.558527,
                        14.623157,
                        0
                    ],
                    [
                        -90.557728,
                        14.621673,
                        0
                    ],
                    [
                        -90.557446,
                        14.621116,
                        0
                    ],
                    [
                        -90.557151,
                        14.620562,
                        0
                    ],
                    [
                        -90.556552,
                        14.619456,
                        0
                    ],
                    [
                        -90.555357,
                        14.61715,
                        0
                    ],
                    [
                        -90.555032,
                        14.616571,
                        0
                    ],
                    [
                        -90.55479,
                        14.616137,
                        0
                    ],
                    [
                        -90.554583,
                        14.615548,
                        0
                    ],
                    [
                        -90.554406,
                        14.614973,
                        0
                    ],
                    [
                        -90.554366,
                        14.614859,
                        0
                    ],
                    [
                        -90.554352,
                        14.614788,
                        0
                    ],
                    [
                        -90.554352,
                        14.614717,
                        0
                    ],
                    [
                        -90.554342,
                        14.614441,
                        0
                    ],
                    [
                        -90.554334,
                        14.614033,
                        0
                    ],
                    [
                        -90.554499,
                        14.613221,
                        0
                    ],
                    [
                        -90.554631,
                        14.612738,
                        0
                    ],
                    [
                        -90.554779,
                        14.612392,
                        0
                    ],
                    [
                        -90.555168,
                        14.611721,
                        0
                    ],
                    [
                        -90.555582,
                        14.611099,
                        0
                    ],
                    [
                        -90.555895,
                        14.610682,
                        0
                    ],
                    [
                        -90.556139,
                        14.610332,
                        0
                    ],
                    [
                        -90.556938,
                        14.609182,
                        0
                    ],
                    [
                        -90.557748,
                        14.60809,
                        0
                    ],
                    [
                        -90.558038,
                        14.60769,
                        0
                    ],
                    [
                        -90.558286,
                        14.607308,
                        0
                    ],
                    [
                        -90.55873,
                        14.606675,
                        0
                    ],
                    [
                        -90.559555,
                        14.605501,
                        0
                    ],
                    [
                        -90.560293,
                        14.604428,
                        0
                    ],
                    [
                        -90.560833,
                        14.603696,
                        0
                    ],
                    [
                        -90.561033,
                        14.603403,
                        0
                    ],
                    [
                        -90.561514,
                        14.602717,
                        0
                    ],
                    [
                        -90.561631,
                        14.602513,
                        0
                    ],
                    [
                        -90.561729,
                        14.60229,
                        0
                    ],
                    [
                        -90.56176,
                        14.602202,
                        0
                    ],
                    [
                        -90.561787,
                        14.60207,
                        0
                    ],
                    [
                        -90.561806,
                        14.601842,
                        0
                    ],
                    [
                        -90.561807,
                        14.601752,
                        0
                    ],
                    [
                        -90.561798,
                        14.601661,
                        0
                    ],
                    [
                        -90.561788,
                        14.60157,
                        0
                    ],
                    [
                        -90.561769,
                        14.601481,
                        0
                    ],
                    [
                        -90.561748,
                        14.601398,
                        0
                    ],
                    [
                        -90.561719,
                        14.601321,
                        0
                    ],
                    [
                        -90.561651,
                        14.601165,
                        0
                    ],
                    [
                        -90.56153,
                        14.600985,
                        0
                    ],
                    [
                        -90.561461,
                        14.600901,
                        0
                    ],
                    [
                        -90.561388,
                        14.60082,
                        0
                    ],
                    [
                        -90.561331,
                        14.600765,
                        0
                    ],
                    [
                        -90.561195,
                        14.600661,
                        0
                    ],
                    [
                        -90.56105,
                        14.600572,
                        0
                    ],
                    [
                        -90.560078,
                        14.599971,
                        0
                    ],
                    [
                        -90.559577,
                        14.59968,
                        0
                    ],
                    [
                        -90.559345,
                        14.599545,
                        0
                    ],
                    [
                        -90.559099,
                        14.599387,
                        0
                    ],
                    [
                        -90.55876,
                        14.599174,
                        0
                    ],
                    [
                        -90.558419,
                        14.598973,
                        0
                    ],
                    [
                        -90.557737,
                        14.598565,
                        0
                    ],
                    [
                        -90.556946,
                        14.598087,
                        0
                    ],
                    [
                        -90.556393,
                        14.597737,
                        0
                    ],
                    [
                        -90.555876,
                        14.597422,
                        0
                    ],
                    [
                        -90.555353,
                        14.597113,
                        0
                    ],
                    [
                        -90.555232,
                        14.597038,
                        0
                    ],
                    [
                        -90.555116,
                        14.596949,
                        0
                    ],
                    [
                        -90.554858,
                        14.596751,
                        0
                    ],
                    [
                        -90.554445,
                        14.596439,
                        0
                    ],
                    [
                        -90.554151,
                        14.596221,
                        0
                    ],
                    [
                        -90.554112,
                        14.596193,
                        0
                    ],
                    [
                        -90.554064,
                        14.596144,
                        0
                    ],
                    [
                        -90.553941,
                        14.596005,
                        0
                    ],
                    [
                        -90.553803,
                        14.595859,
                        0
                    ],
                    [
                        -90.553711,
                        14.595777,
                        0
                    ],
                    [
                        -90.553191,
                        14.595363,
                        0
                    ],
                    [
                        -90.55285,
                        14.595021,
                        0
                    ],
                    [
                        -90.552552,
                        14.594733,
                        0
                    ],
                    [
                        -90.552326,
                        14.594512,
                        0
                    ],
                    [
                        -90.552247,
                        14.594446,
                        0
                    ],
                    [
                        -90.552028,
                        14.594272,
                        0
                    ],
                    [
                        -90.551881,
                        14.594196,
                        0
                    ],
                    [
                        -90.551743,
                        14.594111,
                        0
                    ],
                    [
                        -90.551609,
                        14.59401,
                        0
                    ],
                    [
                        -90.551532,
                        14.593949,
                        0
                    ],
                    [
                        -90.551404,
                        14.593833,
                        0
                    ],
                    [
                        -90.551196,
                        14.59364,
                        0
                    ],
                    [
                        -90.550919,
                        14.593402,
                        0
                    ],
                    [
                        -90.55067,
                        14.593221,
                        0
                    ],
                    [
                        -90.550538,
                        14.593143,
                        0
                    ],
                    [
                        -90.550433,
                        14.593111,
                        0
                    ],
                    [
                        -90.550293,
                        14.593102,
                        0
                    ],
                    [
                        -90.550265,
                        14.593107,
                        0
                    ],
                    [
                        -90.550199,
                        14.593181,
                        0
                    ],
                    [
                        -90.550217,
                        14.593191,
                        0
                    ],
                    [
                        -90.550315,
                        14.593194,
                        0
                    ],
                    [
                        -90.550398,
                        14.593224,
                        0
                    ],
                    [
                        -90.550744,
                        14.59347,
                        0
                    ],
                    [
                        -90.55112,
                        14.593727,
                        0
                    ],
                    [
                        -90.551237,
                        14.593823,
                        0
                    ],
                    [
                        -90.551353,
                        14.593916,
                        0
                    ],
                    [
                        -90.551583,
                        14.5941,
                        0
                    ],
                    [
                        -90.551804,
                        14.594249,
                        0
                    ],
                    [
                        -90.552022,
                        14.5944,
                        0
                    ],
                    [
                        -90.552225,
                        14.59457,
                        0
                    ],
                    [
                        -90.552424,
                        14.594745,
                        0
                    ],
                    [
                        -90.552819,
                        14.595101,
                        0
                    ],
                    [
                        -90.552956,
                        14.595218,
                        0
                    ],
                    [
                        -90.553086,
                        14.595343,
                        0
                    ],
                    [
                        -90.553221,
                        14.595463,
                        0
                    ],
                    [
                        -90.553287,
                        14.595529,
                        0
                    ],
                    [
                        -90.553353,
                        14.595592,
                        0
                    ],
                    [
                        -90.553859,
                        14.5961,
                        0
                    ],
                    [
                        -90.553987,
                        14.596215,
                        0
                    ],
                    [
                        -90.554129,
                        14.596328,
                        0
                    ],
                    [
                        -90.554277,
                        14.596437,
                        0
                    ],
                    [
                        -90.554419,
                        14.596548,
                        0
                    ],
                    [
                        -90.555118,
                        14.597066,
                        0
                    ],
                    [
                        -90.555804,
                        14.59747,
                        0
                    ],
                    [
                        -90.55659,
                        14.59796,
                        0
                    ],
                    [
                        -90.557046,
                        14.598242,
                        0
                    ],
                    [
                        -90.557238,
                        14.598362,
                        0
                    ],
                    [
                        -90.557494,
                        14.598529,
                        0
                    ],
                    [
                        -90.557936,
                        14.598824,
                        0
                    ],
                    [
                        -90.558164,
                        14.598976,
                        0
                    ],
                    [
                        -90.55828,
                        14.599044,
                        0
                    ],
                    [
                        -90.558393,
                        14.599111,
                        0
                    ],
                    [
                        -90.559349,
                        14.599687,
                        0
                    ],
                    [
                        -90.559758,
                        14.599885,
                        0
                    ],
                    [
                        -90.560227,
                        14.60016,
                        0
                    ],
                    [
                        -90.560809,
                        14.600497,
                        0
                    ],
                    [
                        -90.561112,
                        14.600716,
                        0
                    ],
                    [
                        -90.561246,
                        14.600815,
                        0
                    ],
                    [
                        -90.56134,
                        14.600913,
                        0
                    ],
                    [
                        -90.561413,
                        14.600991,
                        0
                    ],
                    [
                        -90.561482,
                        14.601076,
                        0
                    ],
                    [
                        -90.561543,
                        14.601166,
                        0
                    ],
                    [
                        -90.561585,
                        14.601231,
                        0
                    ],
                    [
                        -90.561598,
                        14.601261,
                        0
                    ],
                    [
                        -90.561639,
                        14.601353,
                        0
                    ],
                    [
                        -90.561673,
                        14.601449,
                        0
                    ],
                    [
                        -90.561691,
                        14.601531,
                        0
                    ],
                    [
                        -90.561707,
                        14.601646,
                        0
                    ],
                    [
                        -90.561716,
                        14.601773,
                        0
                    ],
                    [
                        -90.561716,
                        14.601899,
                        0
                    ],
                    [
                        -90.561703,
                        14.602025,
                        0
                    ],
                    [
                        -90.561675,
                        14.602148,
                        0
                    ],
                    [
                        -90.561656,
                        14.60222,
                        0
                    ],
                    [
                        -90.561617,
                        14.602312,
                        0
                    ],
                    [
                        -90.561542,
                        14.602445,
                        0
                    ],
                    [
                        -90.561417,
                        14.602629,
                        0
                    ],
                    [
                        -90.561274,
                        14.602805,
                        0
                    ],
                    [
                        -90.561159,
                        14.602968,
                        0
                    ],
                    [
                        -90.561048,
                        14.603138,
                        0
                    ],
                    [
                        -90.560848,
                        14.603454,
                        0
                    ],
                    [
                        -90.560357,
                        14.604157,
                        0
                    ],
                    [
                        -90.55941,
                        14.605491,
                        0
                    ],
                    [
                        -90.558849,
                        14.606259,
                        0
                    ],
                    [
                        -90.5583,
                        14.607038,
                        0
                    ],
                    [
                        -90.55771,
                        14.607875,
                        0
                    ],
                    [
                        -90.55735,
                        14.608376,
                        0
                    ],
                    [
                        -90.55698,
                        14.608872,
                        0
                    ],
                    [
                        -90.556573,
                        14.609487,
                        0
                    ],
                    [
                        -90.556334,
                        14.609831,
                        0
                    ],
                    [
                        -90.556089,
                        14.610159,
                        0
                    ],
                    [
                        -90.555722,
                        14.610654,
                        0
                    ],
                    [
                        -90.555559,
                        14.610896,
                        0
                    ],
                    [
                        -90.555359,
                        14.611193,
                        0
                    ],
                    [
                        -90.555061,
                        14.61165,
                        0
                    ],
                    [
                        -90.554774,
                        14.612115,
                        0
                    ],
                    [
                        -90.554657,
                        14.612323,
                        0
                    ],
                    [
                        -90.554583,
                        14.612488,
                        0
                    ],
                    [
                        -90.554413,
                        14.612941,
                        0
                    ],
                    [
                        -90.554299,
                        14.613444,
                        0
                    ],
                    [
                        -90.554206,
                        14.61401,
                        0
                    ],
                    [
                        -90.55424,
                        14.614539,
                        0
                    ],
                    [
                        -90.554283,
                        14.61514,
                        0
                    ],
                    [
                        -90.554483,
                        14.615824,
                        0
                    ],
                    [
                        -90.554707,
                        14.616254,
                        0
                    ],
                    [
                        -90.554841,
                        14.616516,
                        0
                    ],
                    [
                        -90.554976,
                        14.616765,
                        0
                    ],
                    [
                        -90.555102,
                        14.617015,
                        0
                    ],
                    [
                        -90.555239,
                        14.617281,
                        0
                    ],
                    [
                        -90.556455,
                        14.619611,
                        0
                    ],
                    [
                        -90.557084,
                        14.62078,
                        0
                    ],
                    [
                        -90.557408,
                        14.621366,
                        0
                    ],
                    [
                        -90.557686,
                        14.621928,
                        0
                    ],
                    [
                        -90.55783,
                        14.622223,
                        0
                    ],
                    [
                        -90.558369,
                        14.623195,
                        0
                    ],
                    [
                        -90.558761,
                        14.62381,
                        0
                    ],
                    [
                        -90.559247,
                        14.624548,
                        0
                    ],
                    [
                        -90.559324,
                        14.6247,
                        0
                    ],
                    [
                        -90.559394,
                        14.624906,
                        0
                    ],
                    [
                        -90.559387,
                        14.625157,
                        0
                    ],
                    [
                        -90.559359,
                        14.625278,
                        0
                    ],
                    [
                        -90.559319,
                        14.625379,
                        0
                    ],
                    [
                        -90.559171,
                        14.625625,
                        0
                    ],
                    [
                        -90.55903,
                        14.625799,
                        0
                    ],
                    [
                        -90.558938,
                        14.625881,
                        0
                    ],
                    [
                        -90.55848,
                        14.626172,
                        0
                    ],
                    [
                        -90.55814,
                        14.626405,
                        0
                    ],
                    [
                        -90.557467,
                        14.626865,
                        0
                    ],
                    [
                        -90.557234,
                        14.627013,
                        0
                    ],
                    [
                        -90.557016,
                        14.627172,
                        0
                    ],
                    [
                        -90.556777,
                        14.627343,
                        0
                    ],
                    [
                        -90.556533,
                        14.627446,
                        0
                    ],
                    [
                        -90.556266,
                        14.627612,
                        0
                    ],
                    [
                        -90.556106,
                        14.627726,
                        0
                    ],
                    [
                        -90.555983,
                        14.627866,
                        0
                    ],
                    [
                        -90.555833,
                        14.628043,
                        0
                    ],
                    [
                        -90.555752,
                        14.628244,
                        0
                    ],
                    [
                        -90.555649,
                        14.628427,
                        0
                    ],
                    [
                        -90.55546,
                        14.628921,
                        0
                    ],
                    [
                        -90.55528,
                        14.629312,
                        0
                    ],
                    [
                        -90.554677,
                        14.630477,
                        0
                    ],
                    [
                        -90.55439,
                        14.631032,
                        0
                    ],
                    [
                        -90.554221,
                        14.631384,
                        0
                    ],
                    [
                        -90.554151,
                        14.631532,
                        0
                    ],
                    [
                        -90.55388,
                        14.632114,
                        0
                    ],
                    [
                        -90.553751,
                        14.63239,
                        0
                    ],
                    [
                        -90.553622,
                        14.632645,
                        0
                    ],
                    [
                        -90.553049,
                        14.633763,
                        0
                    ],
                    [
                        -90.55218,
                        14.635378,
                        0
                    ],
                    [
                        -90.55171,
                        14.636236,
                        0
                    ],
                    [
                        -90.551456,
                        14.636691,
                        0
                    ],
                    [
                        -90.551254,
                        14.637087,
                        0
                    ],
                    [
                        -90.55049,
                        14.638599,
                        0
                    ],
                    [
                        -90.55023,
                        14.638995,
                        0
                    ],
                    [
                        -90.550066,
                        14.639206,
                        0
                    ],
                    [
                        -90.549874,
                        14.639396,
                        0
                    ],
                    [
                        -90.549697,
                        14.63953,
                        0
                    ],
                    [
                        -90.549358,
                        14.639736,
                        0
                    ],
                    [
                        -90.548686,
                        14.640099,
                        0
                    ],
                    [
                        -90.547062,
                        14.640982,
                        0
                    ],
                    [
                        -90.546654,
                        14.6412,
                        0
                    ],
                    [
                        -90.546232,
                        14.641409,
                        0
                    ],
                    [
                        -90.545891,
                        14.641636,
                        0
                    ],
                    [
                        -90.545144,
                        14.642236,
                        0
                    ],
                    [
                        -90.544885,
                        14.64242,
                        0
                    ],
                    [
                        -90.544719,
                        14.642505,
                        0
                    ],
                    [
                        -90.544527,
                        14.642583,
                        0
                    ],
                    [
                        -90.544358,
                        14.642646,
                        0
                    ],
                    [
                        -90.544215,
                        14.642701,
                        0
                    ],
                    [
                        -90.544054,
                        14.642749,
                        0
                    ],
                    [
                        -90.543804,
                        14.64282,
                        0
                    ],
                    [
                        -90.543607,
                        14.642886,
                        0
                    ],
                    [
                        -90.543323,
                        14.642996,
                        0
                    ],
                    [
                        -90.541778,
                        14.643763,
                        0
                    ],
                    [
                        -90.54081,
                        14.644269,
                        0
                    ],
                    [
                        -90.540212,
                        14.644639,
                        0
                    ],
                    [
                        -90.539386,
                        14.645129,
                        0
                    ],
                    [
                        -90.53882,
                        14.645469,
                        0
                    ],
                    [
                        -90.538391,
                        14.645603,
                        0
                    ],
                    [
                        -90.537932,
                        14.645729,
                        0
                    ],
                    [
                        -90.537715,
                        14.64573,
                        0
                    ],
                    [
                        -90.537513,
                        14.64569,
                        0
                    ],
                    [
                        -90.536961,
                        14.645661,
                        0
                    ],
                    [
                        -90.535341,
                        14.645503,
                        0
                    ],
                    [
                        -90.534916,
                        14.645438,
                        0
                    ],
                    [
                        -90.534477,
                        14.645415,
                        0
                    ],
                    [
                        -90.534047,
                        14.645407,
                        0
                    ],
                    [
                        -90.533799,
                        14.645425,
                        0
                    ],
                    [
                        -90.533581,
                        14.645475,
                        0
                    ],
                    [
                        -90.533379,
                        14.64556,
                        0
                    ],
                    [
                        -90.533191,
                        14.645664,
                        0
                    ],
                    [
                        -90.533059,
                        14.645765,
                        0
                    ],
                    [
                        -90.532954,
                        14.645861,
                        0
                    ],
                    [
                        -90.532754,
                        14.646109,
                        0
                    ],
                    [
                        -90.532673,
                        14.646285,
                        0
                    ],
                    [
                        -90.532613,
                        14.646471,
                        0
                    ],
                    [
                        -90.532521,
                        14.646975,
                        0
                    ],
                    [
                        -90.532471,
                        14.647525,
                        0
                    ],
                    [
                        -90.532356,
                        14.647868,
                        0
                    ],
                    [
                        -90.532232,
                        14.648075,
                        0
                    ],
                    [
                        -90.532012,
                        14.648253,
                        0
                    ],
                    [
                        -90.531728,
                        14.64843,
                        0
                    ],
                    [
                        -90.531378,
                        14.648615,
                        0
                    ],
                    [
                        -90.531087,
                        14.648743,
                        0
                    ],
                    [
                        -90.530559,
                        14.648974,
                        0
                    ],
                    [
                        -90.530456,
                        14.649006,
                        0
                    ],
                    [
                        -90.530339,
                        14.649023,
                        0
                    ],
                    [
                        -90.530166,
                        14.649035,
                        0
                    ],
                    [
                        -90.529864,
                        14.649012,
                        0
                    ],
                    [
                        -90.529724,
                        14.648971,
                        0
                    ],
                    [
                        -90.529598,
                        14.648923,
                        0
                    ],
                    [
                        -90.529491,
                        14.648857,
                        0
                    ],
                    [
                        -90.529317,
                        14.648766,
                        0
                    ],
                    [
                        -90.529077,
                        14.648583,
                        0
                    ],
                    [
                        -90.528224,
                        14.647916,
                        0
                    ],
                    [
                        -90.527808,
                        14.647585,
                        0
                    ],
                    [
                        -90.527361,
                        14.647235,
                        0
                    ],
                    [
                        -90.526093,
                        14.646236,
                        0
                    ],
                    [
                        -90.525788,
                        14.646023,
                        0
                    ],
                    [
                        -90.52539,
                        14.645679,
                        0
                    ],
                    [
                        -90.525002,
                        14.645373,
                        0
                    ],
                    [
                        -90.524738,
                        14.64517,
                        0
                    ],
                    [
                        -90.52432,
                        14.644835,
                        0
                    ],
                    [
                        -90.523962,
                        14.644549,
                        0
                    ],
                    [
                        -90.523805,
                        14.6444,
                        0
                    ],
                    [
                        -90.523604,
                        14.644165,
                        0
                    ],
                    [
                        -90.523282,
                        14.643665,
                        0
                    ],
                    [
                        -90.522946,
                        14.643141,
                        0
                    ],
                    [
                        -90.52271,
                        14.642753,
                        0
                    ],
                    [
                        -90.522645,
                        14.642537,
                        0
                    ],
                    [
                        -90.522589,
                        14.642221,
                        0
                    ],
                    [
                        -90.522526,
                        14.641954,
                        0
                    ],
                    [
                        -90.522471,
                        14.641848,
                        0
                    ],
                    [
                        -90.522435,
                        14.64179,
                        0
                    ],
                    [
                        -90.522386,
                        14.641754,
                        0
                    ],
                    [
                        -90.522282,
                        14.641701,
                        0
                    ],
                    [
                        -90.522178,
                        14.641659,
                        0
                    ],
                    [
                        -90.521728,
                        14.641589,
                        0
                    ],
                    [
                        -90.519543,
                        14.641278,
                        0
                    ],
                    [
                        -90.517235,
                        14.640926,
                        0
                    ],
                    [
                        -90.512843,
                        14.640251,
                        0
                    ],
                    [
                        -90.510642,
                        14.639908,
                        0
                    ],
                    [
                        -90.509541,
                        14.639732,
                        0
                    ],
                    [
                        -90.508446,
                        14.639533,
                        0
                    ],
                    [
                        -90.508248,
                        14.640939,
                        0
                    ],
                    [
                        -90.508232,
                        14.641244,
                        0
                    ],
                    [
                        -90.508063,
                        14.64239,
                        0
                    ],
                    [
                        -90.507915,
                        14.643535,
                        0
                    ]
                ]
            },
            "properties": {
                "name": "Línea 7",
                "styleUrl": "#line-BDBDBD-3519-nodesc",
                "stroke-opacity": 1,
                "stroke": "#bdbdbd",
                "stroke-width": 3.519
            }
        },
        {
            "type": "Feature",
            "geometry": {
                "type": "Point",
                "coordinates": [
                    -90.536595,
                    14.645551,
                    0
                ]
            },
            "properties": {
                "name": "Bethania - Dir. Colón\n",
                "description": "Anillo Periférico y 25 calle, zona 7. En dirección a Colón.",
                "styleUrl": "#icon-1532-DB4436-labelson",
                "icon-opacity": 1,
                "icon-color": "#db4436",
                "icon-scale": 1,
                "icon": "https://www.gstatic.com/mapspro/images/stock/503-wht-blank_maps.png"
            }
        },
        {
            "type": "Feature",
            "geometry": {
                "type": "Point",
                "coordinates": [
                    -90.51581,
                    14.627598,
                    0
                ]
            },
            "properties": {
                "name": "Plaza Municipal",
                "description": "6ª avenida y 21 calle, zona 1.",
                "styleUrl": "#icon-1532-DB4436-labelson",
                "icon-opacity": 1,
                "icon-color": "#db4436",
                "icon-scale": 1,
                "icon": "https://www.gstatic.com/mapspro/images/stock/503-wht-blank_maps.png"
            }
        },
        {
            "type": "Feature",
            "geometry": {
                "type": "Point",
                "coordinates": [
                    -90.512264,
                    14.630161,
                    0
                ]
            },
            "properties": {
                "name": "Plaza Barrios",
                "description": "9ª avenida y 18 calle, zona 1.",
                "styleUrl": "#icon-1532-DB4436-labelson",
                "icon-opacity": 1,
                "icon-color": "#db4436",
                "icon-scale": 1,
                "icon": "https://www.gstatic.com/mapspro/images/stock/503-wht-blank_maps.png"
            }
        },
        {
            "type": "Feature",
            "geometry": {
                "type": "Point",
                "coordinates": [
                    -90.516836,
                    14.631332,
                    0
                ]
            },
            "properties": {
                "name": "Plaza El Amate",
                "description": "18 calle y 4ª avenida, zona 1.",
                "styleUrl": "#icon-1532-DB4436-labelson",
                "icon-opacity": 1,
                "icon-color": "#db4436",
                "icon-scale": 1,
                "icon": "https://www.gstatic.com/mapspro/images/stock/503-wht-blank_maps.png"
            }
        },
        {
            "type": "Feature",
            "geometry": {
                "type": "Point",
                "coordinates": [
                    -90.522144,
                    14.625061,
                    0
                ]
            },
            "properties": {
                "name": "Don Bosco",
                "description": "1ª avenida y 26 calle, zona 1. En dirección a Centra Sur y Plaza Barrios.",
                "styleUrl": "#icon-1532-DB4436-labelson",
                "icon-opacity": 1,
                "icon-color": "#db4436",
                "icon-scale": 1,
                "icon": "https://www.gstatic.com/mapspro/images/stock/503-wht-blank_maps.png"
            }
        },
        {
            "type": "Feature",
            "geometry": {
                "type": "Point",
                "coordinates": [
                    -90.527815,
                    14.619062,
                    0
                ]
            },
            "properties": {
                "name": "Bolívar - Dir. Plaza Barrios",
                "description": "Avenida Bolívar y 32 calle, zona 8. En dirección a Plaza Barrios.",
                "styleUrl": "#icon-1532-DB4436-labelson",
                "icon-opacity": 1,
                "icon-color": "#db4436",
                "icon-scale": 1,
                "icon": "https://www.gstatic.com/mapspro/images/stock/503-wht-blank_maps.png"
            }
        },
        {
            "type": "Feature",
            "geometry": {
                "type": "Point",
                "coordinates": [
                    -90.527253,
                    14.619842,
                    0
                ]
            },
            "properties": {
                "name": "Bolívar - Dir. Centra Sur",
                "description": "Avenida Bolívar y 31 calle, zona 3. En dirección a Centra Sur.",
                "styleUrl": "#icon-1532-DB4436-labelson",
                "icon-opacity": 1,
                "icon-color": "#db4436",
                "icon-scale": 1,
                "icon": "https://www.gstatic.com/mapspro/images/stock/503-wht-blank_maps.png"
            }
        },
        {
            "type": "Feature",
            "geometry": {
                "type": "Point",
                "coordinates": [
                    -90.533122,
                    14.614573,
                    0
                ]
            },
            "properties": {
                "name": "Santa Cecilia",
                "description": "Avenida Bolívar y 40 calle, zona 8. En dirección a Centra Sur y Plaza Barrios.",
                "styleUrl": "#icon-1532-DB4436-labelson",
                "icon-opacity": 1,
                "icon-color": "#db4436",
                "icon-scale": 1,
                "icon": "https://www.gstatic.com/mapspro/images/stock/503-wht-blank_maps.png"
            }
        },
        {
            "type": "Feature",
            "geometry": {
                "type": "Point",
                "coordinates": [
                    -90.535721,
                    14.61267,
                    0
                ]
            },
            "properties": {
                "name": "Trébol",
                "description": "Calzada Aguilar Batres y avenida Bolívar, zona 12.",
                "styleUrl": "#icon-1532-DB4436-labelson",
                "icon-opacity": 1,
                "icon-color": "#db4436",
                "icon-scale": 1,
                "icon": "https://www.gstatic.com/mapspro/images/stock/503-wht-blank_maps.png"
            }
        },
        {
            "type": "Feature",
            "geometry": {
                "type": "Point",
                "coordinates": [
                    -90.544066,
                    14.605749,
                    0
                ]
            },
            "properties": {
                "name": "Mariscal - Dir. Centra Sur",
                "description": "Calzada Aguilar Batres y 13 calle, zona 12. En dirección a Centra Sur.",
                "styleUrl": "#icon-1532-DB4436-labelson",
                "icon-opacity": 1,
                "icon-color": "#db4436",
                "icon-scale": 1,
                "icon": "https://www.gstatic.com/mapspro/images/stock/503-wht-blank_maps.png"
            }
        },
        {
            "type": "Feature",
            "geometry": {
                "type": "Point",
                "coordinates": [
                    -90.545099,
                    14.604719,
                    0
                ]
            },
            "properties": {
                "name": "Mariscal - Dir. Plaza Barrios",
                "description": "Calzada Aguilar Batres y 15 calle, zona 12. En dirección a Plaza Barrios.",
                "styleUrl": "#icon-1532-DB4436-labelson",
                "icon-opacity": 1,
                "icon-color": "#db4436",
                "icon-scale": 1,
                "icon": "https://www.gstatic.com/mapspro/images/stock/503-wht-blank_maps.png"
            }
        },
        {
            "type": "Feature",
            "geometry": {
                "type": "Point",
                "coordinates": [
                    -90.548,
                    14.602392,
                    0
                ]
            },
            "properties": {
                "name": "Reformita - Dir. Centra Sur",
                "description": "Calzada Aguilar Batres y 20 calle, zona 12. En dirección a Centra Sur.",
                "styleUrl": "#icon-1532-DB4436-labelson",
                "icon-opacity": 1,
                "icon-color": "#db4436",
                "icon-scale": 1,
                "icon": "https://www.gstatic.com/mapspro/images/stock/503-wht-blank_maps.png"
            }
        },
        {
            "type": "Feature",
            "geometry": {
                "type": "Point",
                "coordinates": [
                    -90.549604,
                    14.601026,
                    0
                ]
            },
            "properties": {
                "name": "Reformita - Dir. Plaza Barrios",
                "description": "Calzada Aguilar Batres y 21 calle, zona 12. En dirección a Plaza Barrios.",
                "styleUrl": "#icon-1532-DB4436-labelson",
                "icon-opacity": 1,
                "icon-color": "#db4436",
                "icon-scale": 1,
                "icon": "https://www.gstatic.com/mapspro/images/stock/503-wht-blank_maps.png"
            }
        },
        {
            "type": "Feature",
            "geometry": {
                "type": "Point",
                "coordinates": [
                    -90.555506,
                    14.596331,
                    0
                ]
            },
            "properties": {
                "name": "El Carmen",
                "description": "Calzada Aguilar Batres y 29 calle, zona 12. En dirección a Centra Sur y Plaza Barrios.",
                "styleUrl": "#icon-1532-DB4436-labelson",
                "icon-opacity": 1,
                "icon-color": "#db4436",
                "icon-scale": 1,
                "icon": "https://www.gstatic.com/mapspro/images/stock/503-wht-blank_maps.png"
            }
        },
        {
            "type": "Feature",
            "geometry": {
                "type": "Point",
                "coordinates": [
                    -90.558488,
                    14.593477,
                    0
                ]
            },
            "properties": {
                "name": "Las Charcas - Dir. Centra sur\n",
                "description": "Calzada Aguilar Batres y 32 calle, zona 12. En dirección a Centra Sur.",
                "styleUrl": "#icon-1532-DB4436-labelson",
                "icon-opacity": 1,
                "icon-color": "#db4436",
                "icon-scale": 1,
                "icon": "https://www.gstatic.com/mapspro/images/stock/503-wht-blank_maps.png"
            }
        },
        {
            "type": "Feature",
            "geometry": {
                "type": "Point",
                "coordinates": [
                    -90.559007,
                    14.59242,
                    0
                ]
            },
            "properties": {
                "name": "Las Charcas - Dir. Plaza Barrios\n",
                "description": "Calzada Aguilar Batres y 34 calle, zona 12. En dirección a Plaza Barrios.",
                "styleUrl": "#icon-1899-DB4436-labelson",
                "icon-opacity": 1,
                "icon-color": "#db4436",
                "icon-scale": 1,
                "icon-offset": [
                    32,
                    64
                ],
                "icon-offset-units": [
                    "pixels",
                    "insetPixels"
                ],
                "icon": "https://www.gstatic.com/mapspro/images/stock/503-wht-blank_maps.png"
            }
        },
        {
            "type": "Feature",
            "geometry": {
                "type": "Point",
                "coordinates": [
                    -90.562803,
                    14.586964,
                    0
                ]
            },
            "properties": {
                "name": "Javier",
                "description": "Calzada Aguilar Batres y 38 calle, zona 12 Villa Nueva. En dirección a Centra Sur y Plaza Barrios.",
                "styleUrl": "#icon-1532-DB4436-labelson",
                "icon-opacity": 1,
                "icon-color": "#db4436",
                "icon-scale": 1,
                "icon": "https://www.gstatic.com/mapspro/images/stock/503-wht-blank_maps.png"
            }
        },
        {
            "type": "Feature",
            "geometry": {
                "type": "Point",
                "coordinates": [
                    -90.567952,
                    14.580631,
                    0
                ]
            },
            "properties": {
                "name": "Monte María",
                "description": "Calzada Aguilar Batres y 46 calle, zona 12 Villa Nueva. En dirección a Centra Sur y Plaza Barrios.",
                "styleUrl": "#icon-1532-DB4436-labelson",
                "icon-opacity": 1,
                "icon-color": "#db4436",
                "icon-scale": 1,
                "icon": "https://www.gstatic.com/mapspro/images/stock/503-wht-blank_maps.png"
            }
        },
        {
            "type": "Feature",
            "geometry": {
                "type": "Point",
                "coordinates": [
                    -90.563759,
                    14.564474,
                    0
                ]
            },
            "properties": {
                "name": "Centra Sur",
                "description": "21 avenida final, zona 12 Villa Nueva.",
                "styleUrl": "#icon-1532-DB4436-labelson",
                "icon-opacity": 1,
                "icon-color": "#db4436",
                "icon-scale": 1,
                "icon": "https://www.gstatic.com/mapspro/images/stock/503-wht-blank_maps.png"
            }
        },
        {
            "type": "Feature",
            "geometry": {
                "type": "Polygon",
                "coordinates": [
                    [
                        [
                            -90.512346,
                            14.630151,
                            0
                        ],
                        [
                            -90.512263,
                            14.630617,
                            0
                        ],
                        [
                            -90.513171,
                            14.630705,
                            0
                        ],
                        [
                            -90.514967,
                            14.63089,
                            0
                        ],
                        [
                            -90.516315,
                            14.631048,
                            0
                        ],
                        [
                            -90.516285,
                            14.631235,
                            0
                        ],
                        [
                            -90.517178,
                            14.631401,
                            0
                        ],
                        [
                            -90.518509,
                            14.631624,
                            0
                        ],
                        [
                            -90.521111,
                            14.63202,
                            0
                        ],
                        [
                            -90.521216,
                            14.631247,
                            0
                        ],
                        [
                            -90.521331,
                            14.630494,
                            0
                        ],
                        [
                            -90.521503,
                            14.629508,
                            0
                        ],
                        [
                            -90.521546,
                            14.629284,
                            0
                        ],
                        [
                            -90.52158,
                            14.629046,
                            0
                        ],
                        [
                            -90.521658,
                            14.628512,
                            0
                        ],
                        [
                            -90.5218,
                            14.627627,
                            0
                        ],
                        [
                            -90.522058,
                            14.626007,
                            0
                        ],
                        [
                            -90.522116,
                            14.625617,
                            0
                        ],
                        [
                            -90.522177,
                            14.625235,
                            0
                        ],
                        [
                            -90.522278,
                            14.624681,
                            0
                        ],
                        [
                            -90.522307,
                            14.624515,
                            0
                        ],
                        [
                            -90.522322,
                            14.624429,
                            0
                        ],
                        [
                            -90.522364,
                            14.624358,
                            0
                        ],
                        [
                            -90.522442,
                            14.624275,
                            0
                        ],
                        [
                            -90.522541,
                            14.624191,
                            0
                        ],
                        [
                            -90.522755,
                            14.624012,
                            0
                        ],
                        [
                            -90.52318,
                            14.623682,
                            0
                        ],
                        [
                            -90.523769,
                            14.623224,
                            0
                        ],
                        [
                            -90.524351,
                            14.622705,
                            0
                        ],
                        [
                            -90.524687,
                            14.622394,
                            0
                        ],
                        [
                            -90.525024,
                            14.622062,
                            0
                        ],
                        [
                            -90.526539,
                            14.620524,
                            0
                        ],
                        [
                            -90.527503,
                            14.619533,
                            0
                        ],
                        [
                            -90.52805,
                            14.618945,
                            0
                        ],
                        [
                            -90.528218,
                            14.618756,
                            0
                        ],
                        [
                            -90.528395,
                            14.618581,
                            0
                        ],
                        [
                            -90.528739,
                            14.618234,
                            0
                        ],
                        [
                            -90.529031,
                            14.617949,
                            0
                        ],
                        [
                            -90.529314,
                            14.617648,
                            0
                        ],
                        [
                            -90.529878,
                            14.617057,
                            0
                        ],
                        [
                            -90.530255,
                            14.616643,
                            0
                        ],
                        [
                            -90.530605,
                            14.616311,
                            0
                        ],
                        [
                            -90.531089,
                            14.615924,
                            0
                        ],
                        [
                            -90.531442,
                            14.615669,
                            0
                        ],
                        [
                            -90.531872,
                            14.61538,
                            0
                        ],
                        [
                            -90.532875,
                            14.614824,
                            0
                        ],
                        [
                            -90.53365,
                            14.614358,
                            0
                        ],
                        [
                            -90.533976,
                            14.614163,
                            0
                        ],
                        [
                            -90.534318,
                            14.613978,
                            0
                        ],
                        [
                            -90.534515,
                            14.613858,
                            0
                        ],
                        [
                            -90.534945,
                            14.613552,
                            0
                        ],
                        [
                            -90.535503,
                            14.61315,
                            0
                        ],
                        [
                            -90.536042,
                            14.612769,
                            0
                        ],
                        [
                            -90.536287,
                            14.612601,
                            0
                        ],
                        [
                            -90.536534,
                            14.61242,
                            0
                        ],
                        [
                            -90.536888,
                            14.612127,
                            0
                        ],
                        [
                            -90.537383,
                            14.611712,
                            0
                        ],
                        [
                            -90.537955,
                            14.611221,
                            0
                        ],
                        [
                            -90.538461,
                            14.610783,
                            0
                        ],
                        [
                            -90.5392,
                            14.610147,
                            0
                        ],
                        [
                            -90.540364,
                            14.609109,
                            0
                        ],
                        [
                            -90.541245,
                            14.608316,
                            0
                        ],
                        [
                            -90.542999,
                            14.606738,
                            0
                        ],
                        [
                            -90.544232,
                            14.605646,
                            0
                        ],
                        [
                            -90.54547,
                            14.604538,
                            0
                        ],
                        [
                            -90.546599,
                            14.603587,
                            0
                        ],
                        [
                            -90.547464,
                            14.602892,
                            0
                        ],
                        [
                            -90.548344,
                            14.602198,
                            0
                        ],
                        [
                            -90.549205,
                            14.601501,
                            0
                        ],
                        [
                            -90.550878,
                            14.600144,
                            0
                        ],
                        [
                            -90.553233,
                            14.598249,
                            0
                        ],
                        [
                            -90.554911,
                            14.596908,
                            0
                        ],
                        [
                            -90.555327,
                            14.596578,
                            0
                        ],
                        [
                            -90.555738,
                            14.59624,
                            0
                        ],
                        [
                            -90.556952,
                            14.595156,
                            0
                        ],
                        [
                            -90.557513,
                            14.594695,
                            0
                        ],
                        [
                            -90.557916,
                            14.594337,
                            0
                        ],
                        [
                            -90.558191,
                            14.593976,
                            0
                        ],
                        [
                            -90.558312,
                            14.5938,
                            0
                        ],
                        [
                            -90.558662,
                            14.593239,
                            0
                        ],
                        [
                            -90.559695,
                            14.591623,
                            0
                        ],
                        [
                            -90.559944,
                            14.591224,
                            0
                        ],
                        [
                            -90.560389,
                            14.590567,
                            0
                        ],
                        [
                            -90.560831,
                            14.589934,
                            0
                        ],
                        [
                            -90.561266,
                            14.58929,
                            0
                        ],
                        [
                            -90.561435,
                            14.589045,
                            0
                        ],
                        [
                            -90.561618,
                            14.588812,
                            0
                        ],
                        [
                            -90.561873,
                            14.58846,
                            0
                        ],
                        [
                            -90.56203,
                            14.588227,
                            0
                        ],
                        [
                            -90.562291,
                            14.587819,
                            0
                        ],
                        [
                            -90.562526,
                            14.587451,
                            0
                        ],
                        [
                            -90.562811,
                            14.587087,
                            0
                        ],
                        [
                            -90.563265,
                            14.586485,
                            0
                        ],
                        [
                            -90.563994,
                            14.585447,
                            0
                        ],
                        [
                            -90.564436,
                            14.584942,
                            0
                        ],
                        [
                            -90.564602,
                            14.58477,
                            0
                        ],
                        [
                            -90.564796,
                            14.584594,
                            0
                        ],
                        [
                            -90.565325,
                            14.584118,
                            0
                        ],
                        [
                            -90.565656,
                            14.58382,
                            0
                        ],
                        [
                            -90.565827,
                            14.583649,
                            0
                        ],
                        [
                            -90.566025,
                            14.583445,
                            0
                        ],
                        [
                            -90.56711,
                            14.581993,
                            0
                        ],
                        [
                            -90.567332,
                            14.581689,
                            0
                        ],
                        [
                            -90.567524,
                            14.581392,
                            0
                        ],
                        [
                            -90.567873,
                            14.580933,
                            0
                        ],
                        [
                            -90.568168,
                            14.580477,
                            0
                        ],
                        [
                            -90.568328,
                            14.580171,
                            0
                        ],
                        [
                            -90.568478,
                            14.579839,
                            0
                        ],
                        [
                            -90.568748,
                            14.579195,
                            0
                        ],
                        [
                            -90.569018,
                            14.578569,
                            0
                        ],
                        [
                            -90.569211,
                            14.578134,
                            0
                        ],
                        [
                            -90.569363,
                            14.577858,
                            0
                        ],
                        [
                            -90.569508,
                            14.577666,
                            0
                        ],
                        [
                            -90.569779,
                            14.577414,
                            0
                        ],
                        [
                            -90.570142,
                            14.57711,
                            0
                        ],
                        [
                            -90.571311,
                            14.576097,
                            0
                        ],
                        [
                            -90.571631,
                            14.575797,
                            0
                        ],
                        [
                            -90.571951,
                            14.575457,
                            0
                        ],
                        [
                            -90.572103,
                            14.57524,
                            0
                        ],
                        [
                            -90.572188,
                            14.575076,
                            0
                        ],
                        [
                            -90.572148,
                            14.574812,
                            0
                        ],
                        [
                            -90.572105,
                            14.574679,
                            0
                        ],
                        [
                            -90.571986,
                            14.57453,
                            0
                        ],
                        [
                            -90.571644,
                            14.574307,
                            0
                        ],
                        [
                            -90.571442,
                            14.574218,
                            0
                        ],
                        [
                            -90.571279,
                            14.574165,
                            0
                        ],
                        [
                            -90.570815,
                            14.574075,
                            0
                        ],
                        [
                            -90.570502,
                            14.574026,
                            0
                        ],
                        [
                            -90.570253,
                            14.573987,
                            0
                        ],
                        [
                            -90.569941,
                            14.573895,
                            0
                        ],
                        [
                            -90.569571,
                            14.573787,
                            0
                        ],
                        [
                            -90.569382,
                            14.573705,
                            0
                        ],
                        [
                            -90.569141,
                            14.573614,
                            0
                        ],
                        [
                            -90.568667,
                            14.573412,
                            0
                        ],
                        [
                            -90.567627,
                            14.572917,
                            0
                        ],
                        [
                            -90.56733,
                            14.572765,
                            0
                        ],
                        [
                            -90.567058,
                            14.572582,
                            0
                        ],
                        [
                            -90.566761,
                            14.572383,
                            0
                        ],
                        [
                            -90.56639,
                            14.572163,
                            0
                        ],
                        [
                            -90.566202,
                            14.572072,
                            0
                        ],
                        [
                            -90.565852,
                            14.571899,
                            0
                        ],
                        [
                            -90.565349,
                            14.571663,
                            0
                        ],
                        [
                            -90.565048,
                            14.571517,
                            0
                        ],
                        [
                            -90.564737,
                            14.571361,
                            0
                        ],
                        [
                            -90.564142,
                            14.571059,
                            0
                        ],
                        [
                            -90.563796,
                            14.570882,
                            0
                        ],
                        [
                            -90.563376,
                            14.570662,
                            0
                        ],
                        [
                            -90.5632,
                            14.570554,
                            0
                        ],
                        [
                            -90.56307,
                            14.570436,
                            0
                        ],
                        [
                            -90.562992,
                            14.570304,
                            0
                        ],
                        [
                            -90.56294,
                            14.570144,
                            0
                        ],
                        [
                            -90.562943,
                            14.569914,
                            0
                        ],
                        [
                            -90.562959,
                            14.56974,
                            0
                        ],
                        [
                            -90.563107,
                            14.568966,
                            0
                        ],
                        [
                            -90.563156,
                            14.568662,
                            0
                        ],
                        [
                            -90.563177,
                            14.568493,
                            0
                        ],
                        [
                            -90.563174,
                            14.568363,
                            0
                        ],
                        [
                            -90.563151,
                            14.568256,
                            0
                        ],
                        [
                            -90.563161,
                            14.568109,
                            0
                        ],
                        [
                            -90.563271,
                            14.567603,
                            0
                        ],
                        [
                            -90.563607,
                            14.565996,
                            0
                        ],
                        [
                            -90.563892,
                            14.564337,
                            0
                        ],
                        [
                            -90.563615,
                            14.564284,
                            0
                        ],
                        [
                            -90.563344,
                            14.56587,
                            0
                        ],
                        [
                            -90.563225,
                            14.566612,
                            0
                        ],
                        [
                            -90.563141,
                            14.567343,
                            0
                        ],
                        [
                            -90.56307,
                            14.567916,
                            0
                        ],
                        [
                            -90.563079,
                            14.568079,
                            0
                        ],
                        [
                            -90.563113,
                            14.568173,
                            0
                        ],
                        [
                            -90.563109,
                            14.568256,
                            0
                        ],
                        [
                            -90.563032,
                            14.568402,
                            0
                        ],
                        [
                            -90.562998,
                            14.568672,
                            0
                        ],
                        [
                            -90.562881,
                            14.569304,
                            0
                        ],
                        [
                            -90.562822,
                            14.569616,
                            0
                        ],
                        [
                            -90.562775,
                            14.569938,
                            0
                        ],
                        [
                            -90.562787,
                            14.570094,
                            0
                        ],
                        [
                            -90.562811,
                            14.570249,
                            0
                        ],
                        [
                            -90.562873,
                            14.570383,
                            0
                        ],
                        [
                            -90.562954,
                            14.570507,
                            0
                        ],
                        [
                            -90.563109,
                            14.570647,
                            0
                        ],
                        [
                            -90.563307,
                            14.570773,
                            0
                        ],
                        [
                            -90.563468,
                            14.570864,
                            0
                        ],
                        [
                            -90.563633,
                            14.57095,
                            0
                        ],
                        [
                            -90.564303,
                            14.571279,
                            0
                        ],
                        [
                            -90.564515,
                            14.571382,
                            0
                        ],
                        [
                            -90.564715,
                            14.571491,
                            0
                        ],
                        [
                            -90.565127,
                            14.571716,
                            0
                        ],
                        [
                            -90.565697,
                            14.571968,
                            0
                        ],
                        [
                            -90.565976,
                            14.572106,
                            0
                        ],
                        [
                            -90.566358,
                            14.5723,
                            0
                        ],
                        [
                            -90.566663,
                            14.572473,
                            0
                        ],
                        [
                            -90.566799,
                            14.572566,
                            0
                        ],
                        [
                            -90.566948,
                            14.572679,
                            0
                        ],
                        [
                            -90.567065,
                            14.57277,
                            0
                        ],
                        [
                            -90.567201,
                            14.57284,
                            0
                        ],
                        [
                            -90.567527,
                            14.573011,
                            0
                        ],
                        [
                            -90.568128,
                            14.573317,
                            0
                        ],
                        [
                            -90.568644,
                            14.573607,
                            0
                        ],
                        [
                            -90.569133,
                            14.573848,
                            0
                        ],
                        [
                            -90.569536,
                            14.574084,
                            0
                        ],
                        [
                            -90.569938,
                            14.574332,
                            0
                        ],
                        [
                            -90.570132,
                            14.574435,
                            0
                        ],
                        [
                            -90.570285,
                            14.574492,
                            0
                        ],
                        [
                            -90.570551,
                            14.574588,
                            0
                        ],
                        [
                            -90.570615,
                            14.574604,
                            0
                        ],
                        [
                            -90.570886,
                            14.574661,
                            0
                        ],
                        [
                            -90.571121,
                            14.574714,
                            0
                        ],
                        [
                            -90.57141,
                            14.574814,
                            0
                        ],
                        [
                            -90.571575,
                            14.574872,
                            0
                        ],
                        [
                            -90.571643,
                            14.574916,
                            0
                        ],
                        [
                            -90.57169,
                            14.574977,
                            0
                        ],
                        [
                            -90.571718,
                            14.575022,
                            0
                        ],
                        [
                            -90.571732,
                            14.575087,
                            0
                        ],
                        [
                            -90.571736,
                            14.575261,
                            0
                        ],
                        [
                            -90.571751,
                            14.575409,
                            0
                        ],
                        [
                            -90.571619,
                            14.575588,
                            0
                        ],
                        [
                            -90.571393,
                            14.575817,
                            0
                        ],
                        [
                            -90.571082,
                            14.576076,
                            0
                        ],
                        [
                            -90.570768,
                            14.576324,
                            0
                        ],
                        [
                            -90.570463,
                            14.576578,
                            0
                        ],
                        [
                            -90.570182,
                            14.576828,
                            0
                        ],
                        [
                            -90.569894,
                            14.577067,
                            0
                        ],
                        [
                            -90.569667,
                            14.577253,
                            0
                        ],
                        [
                            -90.569549,
                            14.577348,
                            0
                        ],
                        [
                            -90.569445,
                            14.577454,
                            0
                        ],
                        [
                            -90.569334,
                            14.577576,
                            0
                        ],
                        [
                            -90.56923,
                            14.577709,
                            0
                        ],
                        [
                            -90.569143,
                            14.577846,
                            0
                        ],
                        [
                            -90.569055,
                            14.578005,
                            0
                        ],
                        [
                            -90.568903,
                            14.578319,
                            0
                        ],
                        [
                            -90.568626,
                            14.578973,
                            0
                        ],
                        [
                            -90.568362,
                            14.579635,
                            0
                        ],
                        [
                            -90.568217,
                            14.579972,
                            0
                        ],
                        [
                            -90.568051,
                            14.580297,
                            0
                        ],
                        [
                            -90.567878,
                            14.580575,
                            0
                        ],
                        [
                            -90.567653,
                            14.580883,
                            0
                        ],
                        [
                            -90.566769,
                            14.582105,
                            0
                        ],
                        [
                            -90.565874,
                            14.583323,
                            0
                        ],
                        [
                            -90.565521,
                            14.583686,
                            0
                        ],
                        [
                            -90.565152,
                            14.584024,
                            0
                        ],
                        [
                            -90.564821,
                            14.584333,
                            0
                        ],
                        [
                            -90.564412,
                            14.584693,
                            0
                        ],
                        [
                            -90.564148,
                            14.584969,
                            0
                        ],
                        [
                            -90.563929,
                            14.585262,
                            0
                        ],
                        [
                            -90.563481,
                            14.58585,
                            0
                        ],
                        [
                            -90.562842,
                            14.586748,
                            0
                        ],
                        [
                            -90.562224,
                            14.587627,
                            0
                        ],
                        [
                            -90.561533,
                            14.588661,
                            0
                        ],
                        [
                            -90.560883,
                            14.589605,
                            0
                        ],
                        [
                            -90.559919,
                            14.591006,
                            0
                        ],
                        [
                            -90.559634,
                            14.591414,
                            0
                        ],
                        [
                            -90.559434,
                            14.591716,
                            0
                        ],
                        [
                            -90.55898,
                            14.592436,
                            0
                        ],
                        [
                            -90.558405,
                            14.593358,
                            0
                        ],
                        [
                            -90.558108,
                            14.593829,
                            0
                        ],
                        [
                            -90.557948,
                            14.594055,
                            0
                        ],
                        [
                            -90.557785,
                            14.594247,
                            0
                        ],
                        [
                            -90.557689,
                            14.594355,
                            0
                        ],
                        [
                            -90.557612,
                            14.594432,
                            0
                        ],
                        [
                            -90.557575,
                            14.594462,
                            0
                        ],
                        [
                            -90.557335,
                            14.594659,
                            0
                        ],
                        [
                            -90.557111,
                            14.594848,
                            0
                        ],
                        [
                            -90.556868,
                            14.595064,
                            0
                        ],
                        [
                            -90.556556,
                            14.595334,
                            0
                        ],
                        [
                            -90.556374,
                            14.595486,
                            0
                        ],
                        [
                            -90.556176,
                            14.595636,
                            0
                        ],
                        [
                            -90.555434,
                            14.596218,
                            0
                        ],
                        [
                            -90.554083,
                            14.59736,
                            0
                        ],
                        [
                            -90.554003,
                            14.597424,
                            0
                        ],
                        [
                            -90.553898,
                            14.597508,
                            0
                        ],
                        [
                            -90.553676,
                            14.597694,
                            0
                        ],
                        [
                            -90.553262,
                            14.598038,
                            0
                        ],
                        [
                            -90.552467,
                            14.598682,
                            0
                        ],
                        [
                            -90.552067,
                            14.599011,
                            0
                        ],
                        [
                            -90.551662,
                            14.599337,
                            0
                        ],
                        [
                            -90.550839,
                            14.599981,
                            0
                        ],
                        [
                            -90.550431,
                            14.600303,
                            0
                        ],
                        [
                            -90.550024,
                            14.600634,
                            0
                        ],
                        [
                            -90.549208,
                            14.601292,
                            0
                        ],
                        [
                            -90.547584,
                            14.602614,
                            0
                        ],
                        [
                            -90.54588,
                            14.60397,
                            0
                        ],
                        [
                            -90.545505,
                            14.60429,
                            0
                        ],
                        [
                            -90.545316,
                            14.604454,
                            0
                        ],
                        [
                            -90.545197,
                            14.604556,
                            0
                        ],
                        [
                            -90.545103,
                            14.604643,
                            0
                        ],
                        [
                            -90.544349,
                            14.605332,
                            0
                        ],
                        [
                            -90.544143,
                            14.605521,
                            0
                        ],
                        [
                            -90.543941,
                            14.605705,
                            0
                        ],
                        [
                            -90.543748,
                            14.605874,
                            0
                        ],
                        [
                            -90.543548,
                            14.606056,
                            0
                        ],
                        [
                            -90.543406,
                            14.60619,
                            0
                        ],
                        [
                            -90.543285,
                            14.606298,
                            0
                        ],
                        [
                            -90.543042,
                            14.606511,
                            0
                        ],
                        [
                            -90.542567,
                            14.60695,
                            0
                        ],
                        [
                            -90.542333,
                            14.607163,
                            0
                        ],
                        [
                            -90.542044,
                            14.607422,
                            0
                        ],
                        [
                            -90.541503,
                            14.607911,
                            0
                        ],
                        [
                            -90.540438,
                            14.608878,
                            0
                        ],
                        [
                            -90.540064,
                            14.609227,
                            0
                        ],
                        [
                            -90.539359,
                            14.609839,
                            0
                        ],
                        [
                            -90.538155,
                            14.610897,
                            0
                        ],
                        [
                            -90.537459,
                            14.611489,
                            0
                        ],
                        [
                            -90.537008,
                            14.611867,
                            0
                        ],
                        [
                            -90.536885,
                            14.611938,
                            0
                        ],
                        [
                            -90.536821,
                            14.611974,
                            0
                        ],
                        [
                            -90.536754,
                            14.612,
                            0
                        ],
                        [
                            -90.536698,
                            14.612011,
                            0
                        ],
                        [
                            -90.536625,
                            14.612015,
                            0
                        ],
                        [
                            -90.536465,
                            14.612013,
                            0
                        ],
                        [
                            -90.53625,
                            14.612015,
                            0
                        ],
                        [
                            -90.536141,
                            14.612038,
                            0
                        ],
                        [
                            -90.536067,
                            14.612068,
                            0
                        ],
                        [
                            -90.535997,
                            14.612106,
                            0
                        ],
                        [
                            -90.535824,
                            14.612221,
                            0
                        ],
                        [
                            -90.535401,
                            14.612513,
                            0
                        ],
                        [
                            -90.535067,
                            14.612747,
                            0
                        ],
                        [
                            -90.534615,
                            14.613085,
                            0
                        ],
                        [
                            -90.534571,
                            14.613176,
                            0
                        ],
                        [
                            -90.53454,
                            14.613271,
                            0
                        ],
                        [
                            -90.534451,
                            14.613536,
                            0
                        ],
                        [
                            -90.534427,
                            14.613596,
                            0
                        ],
                        [
                            -90.534395,
                            14.613651,
                            0
                        ],
                        [
                            -90.534358,
                            14.613704,
                            0
                        ],
                        [
                            -90.534314,
                            14.613753,
                            0
                        ],
                        [
                            -90.534249,
                            14.613811,
                            0
                        ],
                        [
                            -90.5342,
                            14.613853,
                            0
                        ],
                        [
                            -90.534113,
                            14.613908,
                            0
                        ],
                        [
                            -90.533961,
                            14.613989,
                            0
                        ],
                        [
                            -90.533584,
                            14.614188,
                            0
                        ],
                        [
                            -90.533186,
                            14.614416,
                            0
                        ],
                        [
                            -90.532389,
                            14.614896,
                            0
                        ],
                        [
                            -90.531671,
                            14.615339,
                            0
                        ],
                        [
                            -90.531212,
                            14.615648,
                            0
                        ],
                        [
                            -90.530758,
                            14.615977,
                            0
                        ],
                        [
                            -90.530496,
                            14.616211,
                            0
                        ],
                        [
                            -90.530255,
                            14.616452,
                            0
                        ],
                        [
                            -90.529704,
                            14.617036,
                            0
                        ],
                        [
                            -90.529109,
                            14.617655,
                            0
                        ],
                        [
                            -90.527666,
                            14.619158,
                            0
                        ],
                        [
                            -90.526571,
                            14.620259,
                            0
                        ],
                        [
                            -90.526117,
                            14.620744,
                            0
                        ],
                        [
                            -90.525652,
                            14.621234,
                            0
                        ],
                        [
                            -90.525203,
                            14.62172,
                            0
                        ],
                        [
                            -90.52497,
                            14.621955,
                            0
                        ],
                        [
                            -90.524724,
                            14.622189,
                            0
                        ],
                        [
                            -90.523929,
                            14.622903,
                            0
                        ],
                        [
                            -90.523733,
                            14.623076,
                            0
                        ],
                        [
                            -90.523508,
                            14.623259,
                            0
                        ],
                        [
                            -90.523085,
                            14.62359,
                            0
                        ],
                        [
                            -90.522893,
                            14.623741,
                            0
                        ],
                        [
                            -90.522678,
                            14.62392,
                            0
                        ],
                        [
                            -90.522291,
                            14.624242,
                            0
                        ],
                        [
                            -90.522241,
                            14.624753,
                            0
                        ],
                        [
                            -90.522146,
                            14.625271,
                            0
                        ],
                        [
                            -90.522115,
                            14.625455,
                            0
                        ],
                        [
                            -90.522082,
                            14.625653,
                            0
                        ],
                        [
                            -90.522026,
                            14.62603,
                            0
                        ],
                        [
                            -90.52191,
                            14.626788,
                            0
                        ],
                        [
                            -90.521696,
                            14.628122,
                            0
                        ],
                        [
                            -90.520658,
                            14.627989,
                            0
                        ],
                        [
                            -90.519673,
                            14.627876,
                            0
                        ],
                        [
                            -90.519081,
                            14.628479,
                            0
                        ],
                        [
                            -90.519003,
                            14.62856,
                            0
                        ],
                        [
                            -90.51892,
                            14.628656,
                            0
                        ],
                        [
                            -90.518884,
                            14.628722,
                            0
                        ],
                        [
                            -90.518712,
                            14.628765,
                            0
                        ],
                        [
                            -90.518598,
                            14.62885,
                            0
                        ],
                        [
                            -90.518533,
                            14.628891,
                            0
                        ],
                        [
                            -90.51848,
                            14.628896,
                            0
                        ],
                        [
                            -90.518428,
                            14.62891,
                            0
                        ],
                        [
                            -90.518357,
                            14.62893,
                            0
                        ],
                        [
                            -90.51822,
                            14.629044,
                            0
                        ],
                        [
                            -90.517949,
                            14.629275,
                            0
                        ],
                        [
                            -90.517707,
                            14.629479,
                            0
                        ],
                        [
                            -90.517458,
                            14.629683,
                            0
                        ],
                        [
                            -90.51739,
                            14.629718,
                            0
                        ],
                        [
                            -90.517316,
                            14.629742,
                            0
                        ],
                        [
                            -90.517265,
                            14.629742,
                            0
                        ],
                        [
                            -90.51722,
                            14.62973,
                            0
                        ],
                        [
                            -90.517175,
                            14.629709,
                            0
                        ],
                        [
                            -90.517052,
                            14.629585,
                            0
                        ],
                        [
                            -90.516839,
                            14.629359,
                            0
                        ],
                        [
                            -90.516614,
                            14.629127,
                            0
                        ],
                        [
                            -90.516452,
                            14.628992,
                            0
                        ],
                        [
                            -90.515904,
                            14.628364,
                            0
                        ],
                        [
                            -90.515822,
                            14.628208,
                            0
                        ],
                        [
                            -90.516046,
                            14.626607,
                            0
                        ],
                        [
                            -90.51573,
                            14.626552,
                            0
                        ],
                        [
                            -90.515392,
                            14.626503,
                            0
                        ],
                        [
                            -90.514694,
                            14.626413,
                            0
                        ],
                        [
                            -90.514557,
                            14.626394,
                            0
                        ],
                        [
                            -90.514449,
                            14.627022,
                            0
                        ],
                        [
                            -90.514349,
                            14.627181,
                            0
                        ],
                        [
                            -90.514245,
                            14.627354,
                            0
                        ],
                        [
                            -90.514154,
                            14.627431,
                            0
                        ],
                        [
                            -90.514053,
                            14.627505,
                            0
                        ],
                        [
                            -90.513986,
                            14.627538,
                            0
                        ],
                        [
                            -90.513895,
                            14.627559,
                            0
                        ],
                        [
                            -90.513821,
                            14.627556,
                            0
                        ],
                        [
                            -90.513596,
                            14.627536,
                            0
                        ],
                        [
                            -90.512782,
                            14.627425,
                            0
                        ],
                        [
                            -90.512578,
                            14.628793,
                            0
                        ],
                        [
                            -90.512469,
                            14.629477,
                            0
                        ],
                        [
                            -90.512346,
                            14.630151,
                            0
                        ]
                    ]
                ]
            },
            "properties": {
                "name": "Línea 13",
                "styleUrl": "#poly-F57C00-3001-0-nodesc",
                "fill-opacity": 0,
                "fill": "#f57c00",
                "stroke-opacity": 1,
                "stroke": "#f57c00",
                "stroke-width": 3.001
            }
        },
        {
            "type": "Feature",
            "geometry": {
                "type": "Point",
                "coordinates": [
                    -90.516399,
                    14.624345,
                    0
                ]
            },
            "properties": {
                "name": "4 Grados Sur",
                "description": "6ª avenida y 24 calle, zona 4.",
                "styleUrl": "#icon-1532-DB4436-labelson",
                "icon-opacity": 1,
                "icon-color": "#db4436",
                "icon-scale": 1,
                "icon": "https://www.gstatic.com/mapspro/images/stock/503-wht-blank_maps.png"
            }
        },
        {
            "type": "Feature",
            "geometry": {
                "type": "Point",
                "coordinates": [
                    -90.517193,
                    14.619299,
                    0
                ]
            },
            "properties": {
                "name": "Exposición ",
                "description": "6ª avenida y ruta 6, zona 4.",
                "styleUrl": "#icon-1532-DB4436-labelson",
                "icon-opacity": 1,
                "icon-color": "#db4436",
                "icon-scale": 1,
                "icon": "https://www.gstatic.com/mapspro/images/stock/503-wht-blank_maps.png"
            }
        },
        {
            "type": "Feature",
            "geometry": {
                "type": "Point",
                "coordinates": [
                    -90.518269,
                    14.613559,
                    0
                ]
            },
            "properties": {
                "name": "Terminal",
                "description": "6ª avenida y 2ª calle, zona 9.",
                "styleUrl": "#icon-1532-DB4436-labelson",
                "icon-opacity": 1,
                "icon-color": "#db4436",
                "icon-scale": 1,
                "icon": "https://www.gstatic.com/mapspro/images/stock/503-wht-blank_maps.png"
            }
        },
        {
            "type": "Feature",
            "geometry": {
                "type": "Point",
                "coordinates": [
                    -90.519043,
                    14.609398,
                    0
                ]
            },
            "properties": {
                "name": "Industria",
                "description": "6ª avenida y 6ª calle, zona 9.",
                "styleUrl": "#icon-1532-DB4436-labelson",
                "icon-opacity": 1,
                "icon-color": "#db4436",
                "icon-scale": 1,
                "icon": "https://www.gstatic.com/mapspro/images/stock/503-wht-blank_maps.png"
            }
        },
        {
            "type": "Feature",
            "geometry": {
                "type": "Point",
                "coordinates": [
                    -90.520057,
                    14.604495,
                    0
                ]
            },
            "properties": {
                "name": "Tívoli",
                "description": "6ª avenida y 10ª calle, zona 9.",
                "styleUrl": "#icon-1532-DB4436-labelson",
                "icon-opacity": 1,
                "icon-color": "#db4436",
                "icon-scale": 1,
                "icon": "https://www.gstatic.com/mapspro/images/stock/503-wht-blank_maps.png"
            }
        },
        {
            "type": "Feature",
            "geometry": {
                "type": "Point",
                "coordinates": [
                    -90.520772,
                    14.600533,
                    0
                ]
            },
            "properties": {
                "name": "Montúfar",
                "description": "6ª avenida y 13 calle, zona 9.",
                "styleUrl": "#icon-1532-DB4436-labelson",
                "icon-opacity": 1,
                "icon-color": "#db4436",
                "icon-scale": 1,
                "icon": "https://www.gstatic.com/mapspro/images/stock/503-wht-blank_maps.png"
            }
        },
        {
            "type": "Feature",
            "geometry": {
                "type": "Point",
                "coordinates": [
                    -90.521723,
                    14.5936,
                    0
                ]
            },
            "properties": {
                "name": "Acueducto",
                "description": "Avenida Hincapié y 4ª calle, zona 13.",
                "styleUrl": "#icon-1532-DB4436-labelson",
                "icon-opacity": 1,
                "icon-color": "#db4436",
                "icon-scale": 1,
                "icon": "https://www.gstatic.com/mapspro/images/stock/503-wht-blank_maps.png"
            }
        },
        {
            "type": "Feature",
            "geometry": {
                "type": "Point",
                "coordinates": [
                    -90.523368,
                    14.587586,
                    0
                ]
            },
            "properties": {
                "name": "Fuerza Aérea",
                "description": "Avenida Hincapié y 11 calle, zona 13.",
                "styleUrl": "#icon-1532-DB4436-labelson",
                "icon-opacity": 1,
                "icon-color": "#db4436",
                "icon-scale": 1,
                "icon": "https://www.gstatic.com/mapspro/images/stock/503-wht-blank_maps.png"
            }
        },
        {
            "type": "Feature",
            "geometry": {
                "type": "Point",
                "coordinates": [
                    -90.524384,
                    14.580073,
                    0
                ]
            },
            "properties": {
                "name": "Hangares",
                "description": "15 avenida y 18 calle, zona 13.",
                "styleUrl": "#icon-1532-DB4436-labelson",
                "icon-opacity": 1,
                "icon-color": "#db4436",
                "icon-scale": 1,
                "icon": "https://www.gstatic.com/mapspro/images/stock/503-wht-blank_maps.png"
            }
        },
        {
            "type": "Feature",
            "geometry": {
                "type": "Point",
                "coordinates": [
                    -90.522537,
                    14.585852,
                    0
                ]
            },
            "properties": {
                "name": "Plaza Argentina",
                "description": "15 avenida y 11 calle, zona 13.",
                "styleUrl": "#icon-1532-DB4436-labelson",
                "icon-opacity": 1,
                "icon-color": "#db4436",
                "icon-scale": 1,
                "icon": "https://www.gstatic.com/mapspro/images/stock/503-wht-blank_maps.png"
            }
        },
        {
            "type": "Feature",
            "geometry": {
                "type": "Point",
                "coordinates": [
                    -90.520798,
                    14.592067,
                    0
                ]
            },
            "properties": {
                "name": "Los Arcos",
                "description": "15 avenida y 4ª calle, zona 13.",
                "styleUrl": "#icon-1532-DB4436-labelson",
                "icon-opacity": 1,
                "icon-color": "#db4436",
                "icon-scale": 1,
                "icon": "https://www.gstatic.com/mapspro/images/stock/503-wht-blank_maps.png"
            }
        },
        {
            "type": "Feature",
            "geometry": {
                "type": "Point",
                "coordinates": [
                    -90.519137,
                    14.599719,
                    0
                ]
            },
            "properties": {
                "name": "Plaza España",
                "description": "7ª avenida y 13 calle, zona 9.",
                "styleUrl": "#icon-1532-DB4436-labelson",
                "icon-opacity": 1,
                "icon-color": "#db4436",
                "icon-scale": 1,
                "icon": "https://www.gstatic.com/mapspro/images/stock/503-wht-blank_maps.png"
            }
        },
        {
            "type": "Feature",
            "geometry": {
                "type": "Point",
                "coordinates": [
                    -90.518336,
                    14.604091,
                    0
                ]
            },
            "properties": {
                "name": "IGSS Zona 9",
                "description": "7ª avenida y 10ª calle, zona 9.",
                "styleUrl": "#icon-1532-DB4436-labelson",
                "icon-opacity": 1,
                "icon-color": "#db4436",
                "icon-scale": 1,
                "icon": "https://www.gstatic.com/mapspro/images/stock/503-wht-blank_maps.png"
            }
        },
        {
            "type": "Feature",
            "geometry": {
                "type": "Point",
                "coordinates": [
                    -90.517372,
                    14.6092,
                    0
                ]
            },
            "properties": {
                "name": "Seis 26",
                "description": "7ª avenida y 5ª calle, zona 9.",
                "styleUrl": "#icon-1532-DB4436-labelson",
                "icon-opacity": 1,
                "icon-color": "#db4436",
                "icon-scale": 1,
                "icon": "https://www.gstatic.com/mapspro/images/stock/503-wht-blank_maps.png"
            }
        },
        {
            "type": "Feature",
            "geometry": {
                "type": "Point",
                "coordinates": [
                    -90.516414,
                    14.614128,
                    0
                ]
            },
            "properties": {
                "name": "Torre del Reformador",
                "description": "7ª avenida y 1ª calle, zona 9.",
                "styleUrl": "#icon-1532-DB4436-labelson",
                "icon-opacity": 1,
                "icon-color": "#db4436",
                "icon-scale": 1,
                "icon": "https://www.gstatic.com/mapspro/images/stock/503-wht-blank_maps.png"
            }
        },
        {
            "type": "Feature",
            "geometry": {
                "type": "Point",
                "coordinates": [
                    -90.515494,
                    14.619614,
                    0
                ]
            },
            "properties": {
                "name": "Plaza de la República",
                "description": "7ª avenida y ruta 4, zona 4.",
                "styleUrl": "#icon-1532-DB4436-labelson",
                "icon-opacity": 1,
                "icon-color": "#db4436",
                "icon-scale": 1,
                "icon": "https://www.gstatic.com/mapspro/images/stock/503-wht-blank_maps.png"
            }
        },
        {
            "type": "Feature",
            "geometry": {
                "type": "Point",
                "coordinates": [
                    -90.515147,
                    14.62237,
                    0
                ]
            },
            "properties": {
                "name": "Cantón Exposición\n",
                "description": "7ª avenida Ruta 2 y Vía 3, zona 4.",
                "styleUrl": "#icon-1532-DB4436-labelson",
                "icon-opacity": 1,
                "icon-color": "#db4436",
                "icon-scale": 1,
                "icon": "https://www.gstatic.com/mapspro/images/stock/503-wht-blank_maps.png"
            }
        },
        {
            "type": "Feature",
            "geometry": {
                "type": "Point",
                "coordinates": [
                    -90.514641,
                    14.626169,
                    0
                ]
            },
            "properties": {
                "name": "Banco de Guatemala",
                "description": "7ª avenida y 22 calle, zona 1.",
                "styleUrl": "#icon-1532-DB4436-labelson",
                "icon-opacity": 1,
                "icon-color": "#db4436",
                "icon-scale": 1,
                "icon": "https://www.gstatic.com/mapspro/images/stock/503-wht-blank_maps.png"
            }
        },
        {
            "type": "Feature",
            "geometry": {
                "type": "Point",
                "coordinates": [
                    -90.514371,
                    14.630882,
                    0
                ]
            },
            "properties": {
                "name": "Tipografía",
                "description": "18 calle y 7ª avenida, zona 1.",
                "styleUrl": "#icon-1532-DB4436-labelson",
                "icon-opacity": 1,
                "icon-color": "#db4436",
                "icon-scale": 1,
                "icon": "https://www.gstatic.com/mapspro/images/stock/503-wht-blank_maps.png"
            }
        },
        {
            "type": "Feature",
            "geometry": {
                "type": "Point",
                "coordinates": [
                    -90.515568,
                    14.630198,
                    0
                ]
            },
            "properties": {
                "name": "El Calvario",
                "description": "6ª avenida y 21 calle, zona 1.",
                "styleUrl": "#icon-1532-DB4436-labelson",
                "icon-opacity": 1,
                "icon-color": "#db4436",
                "icon-scale": 1,
                "icon": "https://www.gstatic.com/mapspro/images/stock/503-wht-blank_maps.png"
            }
        },
        {
            "type": "Feature",
            "geometry": {
                "type": "Polygon",
                "coordinates": [
                    [
                        [
                            -90.514381,
                            14.630825,
                            0
                        ],
                        [
                            -90.514961,
                            14.630887,
                            0
                        ],
                        [
                            -90.515507,
                            14.630947,
                            0
                        ],
                        [
                            -90.515552,
                            14.63051,
                            0
                        ],
                        [
                            -90.515586,
                            14.630472,
                            0
                        ],
                        [
                            -90.5156,
                            14.630443,
                            0
                        ],
                        [
                            -90.515609,
                            14.630416,
                            0
                        ],
                        [
                            -90.51563,
                            14.630275,
                            0
                        ],
                        [
                            -90.515691,
                            14.629863,
                            0
                        ],
                        [
                            -90.515732,
                            14.629487,
                            0
                        ],
                        [
                            -90.515816,
                            14.628892,
                            0
                        ],
                        [
                            -90.515846,
                            14.628675,
                            0
                        ],
                        [
                            -90.515871,
                            14.628502,
                            0
                        ],
                        [
                            -90.51594,
                            14.628115,
                            0
                        ],
                        [
                            -90.516155,
                            14.626663,
                            0
                        ],
                        [
                            -90.51625,
                            14.625939,
                            0
                        ],
                        [
                            -90.516298,
                            14.625574,
                            0
                        ],
                        [
                            -90.516321,
                            14.625396,
                            0
                        ],
                        [
                            -90.516334,
                            14.6253,
                            0
                        ],
                        [
                            -90.516346,
                            14.62521,
                            0
                        ],
                        [
                            -90.516429,
                            14.624592,
                            0
                        ],
                        [
                            -90.516493,
                            14.624028,
                            0
                        ],
                        [
                            -90.516509,
                            14.623879,
                            0
                        ],
                        [
                            -90.516532,
                            14.623755,
                            0
                        ],
                        [
                            -90.516642,
                            14.623304,
                            0
                        ],
                        [
                            -90.516712,
                            14.622944,
                            0
                        ],
                        [
                            -90.516767,
                            14.622466,
                            0
                        ],
                        [
                            -90.516881,
                            14.621625,
                            0
                        ],
                        [
                            -90.516903,
                            14.621429,
                            0
                        ],
                        [
                            -90.51693,
                            14.621143,
                            0
                        ],
                        [
                            -90.516968,
                            14.620877,
                            0
                        ],
                        [
                            -90.517052,
                            14.62032,
                            0
                        ],
                        [
                            -90.517139,
                            14.619755,
                            0
                        ],
                        [
                            -90.517247,
                            14.619217,
                            0
                        ],
                        [
                            -90.517362,
                            14.618654,
                            0
                        ],
                        [
                            -90.517469,
                            14.618097,
                            0
                        ],
                        [
                            -90.517694,
                            14.616971,
                            0
                        ],
                        [
                            -90.517815,
                            14.616336,
                            0
                        ],
                        [
                            -90.517975,
                            14.615434,
                            0
                        ],
                        [
                            -90.518141,
                            14.614666,
                            0
                        ],
                        [
                            -90.518193,
                            14.6144,
                            0
                        ],
                        [
                            -90.518246,
                            14.614128,
                            0
                        ],
                        [
                            -90.51831,
                            14.613815,
                            0
                        ],
                        [
                            -90.518411,
                            14.613297,
                            0
                        ],
                        [
                            -90.518462,
                            14.613009,
                            0
                        ],
                        [
                            -90.518496,
                            14.612825,
                            0
                        ],
                        [
                            -90.518517,
                            14.612709,
                            0
                        ],
                        [
                            -90.518701,
                            14.611689,
                            0
                        ],
                        [
                            -90.518825,
                            14.611019,
                            0
                        ],
                        [
                            -90.518924,
                            14.610502,
                            0
                        ],
                        [
                            -90.518986,
                            14.610193,
                            0
                        ],
                        [
                            -90.519009,
                            14.610083,
                            0
                        ],
                        [
                            -90.519022,
                            14.610009,
                            0
                        ],
                        [
                            -90.519032,
                            14.609963,
                            0
                        ],
                        [
                            -90.519442,
                            14.607833,
                            0
                        ],
                        [
                            -90.519848,
                            14.605698,
                            0
                        ],
                        [
                            -90.520039,
                            14.604663,
                            0
                        ],
                        [
                            -90.520084,
                            14.60441,
                            0
                        ],
                        [
                            -90.520128,
                            14.604168,
                            0
                        ],
                        [
                            -90.520179,
                            14.603926,
                            0
                        ],
                        [
                            -90.520206,
                            14.603799,
                            0
                        ],
                        [
                            -90.520231,
                            14.603687,
                            0
                        ],
                        [
                            -90.520404,
                            14.602901,
                            0
                        ],
                        [
                            -90.520558,
                            14.602128,
                            0
                        ],
                        [
                            -90.520648,
                            14.60168,
                            0
                        ],
                        [
                            -90.520721,
                            14.60129,
                            0
                        ],
                        [
                            -90.520802,
                            14.600859,
                            0
                        ],
                        [
                            -90.520873,
                            14.600488,
                            0
                        ],
                        [
                            -90.520927,
                            14.60021,
                            0
                        ],
                        [
                            -90.520958,
                            14.600055,
                            0
                        ],
                        [
                            -90.520982,
                            14.599928,
                            0
                        ],
                        [
                            -90.521012,
                            14.599781,
                            0
                        ],
                        [
                            -90.521036,
                            14.599634,
                            0
                        ],
                        [
                            -90.521082,
                            14.599339,
                            0
                        ],
                        [
                            -90.5212,
                            14.598578,
                            0
                        ],
                        [
                            -90.521203,
                            14.598497,
                            0
                        ],
                        [
                            -90.521202,
                            14.59846,
                            0
                        ],
                        [
                            -90.521218,
                            14.598372,
                            0
                        ],
                        [
                            -90.52127,
                            14.598095,
                            0
                        ],
                        [
                            -90.521322,
                            14.597823,
                            0
                        ],
                        [
                            -90.521334,
                            14.597718,
                            0
                        ],
                        [
                            -90.521336,
                            14.597656,
                            0
                        ],
                        [
                            -90.521358,
                            14.59758,
                            0
                        ],
                        [
                            -90.521447,
                            14.597236,
                            0
                        ],
                        [
                            -90.521495,
                            14.597058,
                            0
                        ],
                        [
                            -90.521526,
                            14.596899,
                            0
                        ],
                        [
                            -90.521554,
                            14.596758,
                            0
                        ],
                        [
                            -90.521585,
                            14.596641,
                            0
                        ],
                        [
                            -90.521662,
                            14.596459,
                            0
                        ],
                        [
                            -90.521707,
                            14.596376,
                            0
                        ],
                        [
                            -90.521822,
                            14.596191,
                            0
                        ],
                        [
                            -90.52192,
                            14.59605,
                            0
                        ],
                        [
                            -90.521951,
                            14.59596,
                            0
                        ],
                        [
                            -90.52196,
                            14.595901,
                            0
                        ],
                        [
                            -90.521955,
                            14.595859,
                            0
                        ],
                        [
                            -90.521948,
                            14.595827,
                            0
                        ],
                        [
                            -90.521939,
                            14.595798,
                            0
                        ],
                        [
                            -90.521917,
                            14.595764,
                            0
                        ],
                        [
                            -90.521899,
                            14.59574,
                            0
                        ],
                        [
                            -90.521862,
                            14.595711,
                            0
                        ],
                        [
                            -90.521825,
                            14.595687,
                            0
                        ],
                        [
                            -90.521797,
                            14.595675,
                            0
                        ],
                        [
                            -90.521705,
                            14.595633,
                            0
                        ],
                        [
                            -90.521612,
                            14.595589,
                            0
                        ],
                        [
                            -90.521522,
                            14.595542,
                            0
                        ],
                        [
                            -90.521431,
                            14.595498,
                            0
                        ],
                        [
                            -90.521345,
                            14.595463,
                            0
                        ],
                        [
                            -90.521312,
                            14.595443,
                            0
                        ],
                        [
                            -90.521274,
                            14.595421,
                            0
                        ],
                        [
                            -90.521243,
                            14.595395,
                            0
                        ],
                        [
                            -90.521219,
                            14.595362,
                            0
                        ],
                        [
                            -90.521209,
                            14.595318,
                            0
                        ],
                        [
                            -90.521205,
                            14.595278,
                            0
                        ],
                        [
                            -90.521208,
                            14.595235,
                            0
                        ],
                        [
                            -90.521217,
                            14.595197,
                            0
                        ],
                        [
                            -90.521229,
                            14.595151,
                            0
                        ],
                        [
                            -90.521244,
                            14.595103,
                            0
                        ],
                        [
                            -90.521262,
                            14.595044,
                            0
                        ],
                        [
                            -90.521326,
                            14.594821,
                            0
                        ],
                        [
                            -90.521357,
                            14.594741,
                            0
                        ],
                        [
                            -90.521389,
                            14.594556,
                            0
                        ],
                        [
                            -90.521455,
                            14.594323,
                            0
                        ],
                        [
                            -90.521496,
                            14.594171,
                            0
                        ],
                        [
                            -90.521535,
                            14.594034,
                            0
                        ],
                        [
                            -90.521565,
                            14.593932,
                            0
                        ],
                        [
                            -90.521655,
                            14.593624,
                            0
                        ],
                        [
                            -90.521718,
                            14.593389,
                            0
                        ],
                        [
                            -90.521847,
                            14.592947,
                            0
                        ],
                        [
                            -90.522466,
                            14.590639,
                            0
                        ],
                        [
                            -90.522893,
                            14.589084,
                            0
                        ],
                        [
                            -90.523311,
                            14.58761,
                            0
                        ],
                        [
                            -90.523472,
                            14.58705,
                            0
                        ],
                        [
                            -90.52367,
                            14.586488,
                            0
                        ],
                        [
                            -90.52356,
                            14.58644,
                            0
                        ],
                        [
                            -90.523488,
                            14.586414,
                            0
                        ],
                        [
                            -90.523385,
                            14.586382,
                            0
                        ],
                        [
                            -90.523149,
                            14.586305,
                            0
                        ],
                        [
                            -90.522918,
                            14.586231,
                            0
                        ],
                        [
                            -90.522644,
                            14.586142,
                            0
                        ],
                        [
                            -90.522572,
                            14.58612,
                            0
                        ],
                        [
                            -90.522549,
                            14.586073,
                            0
                        ],
                        [
                            -90.522695,
                            14.585533,
                            0
                        ],
                        [
                            -90.522766,
                            14.585271,
                            0
                        ],
                        [
                            -90.522813,
                            14.585097,
                            0
                        ],
                        [
                            -90.522836,
                            14.585008,
                            0
                        ],
                        [
                            -90.522932,
                            14.584658,
                            0
                        ],
                        [
                            -90.522992,
                            14.584447,
                            0
                        ],
                        [
                            -90.523036,
                            14.584305,
                            0
                        ],
                        [
                            -90.523104,
                            14.584076,
                            0
                        ],
                        [
                            -90.52317,
                            14.583867,
                            0
                        ],
                        [
                            -90.523306,
                            14.583465,
                            0
                        ],
                        [
                            -90.523467,
                            14.582984,
                            0
                        ],
                        [
                            -90.523547,
                            14.582745,
                            0
                        ],
                        [
                            -90.523628,
                            14.582506,
                            0
                        ],
                        [
                            -90.523751,
                            14.582142,
                            0
                        ],
                        [
                            -90.523864,
                            14.581804,
                            0
                        ],
                        [
                            -90.524129,
                            14.580991,
                            0
                        ],
                        [
                            -90.524247,
                            14.58063,
                            0
                        ],
                        [
                            -90.524311,
                            14.58044,
                            0
                        ],
                        [
                            -90.524365,
                            14.580278,
                            0
                        ],
                        [
                            -90.524418,
                            14.580116,
                            0
                        ],
                        [
                            -90.524471,
                            14.579957,
                            0
                        ],
                        [
                            -90.524477,
                            14.579936,
                            0
                        ],
                        [
                            -90.524498,
                            14.579913,
                            0
                        ],
                        [
                            -90.524538,
                            14.5799,
                            0
                        ],
                        [
                            -90.524564,
                            14.579884,
                            0
                        ],
                        [
                            -90.524583,
                            14.579864,
                            0
                        ],
                        [
                            -90.524602,
                            14.579829,
                            0
                        ],
                        [
                            -90.524612,
                            14.579795,
                            0
                        ],
                        [
                            -90.524612,
                            14.579767,
                            0
                        ],
                        [
                            -90.524606,
                            14.579728,
                            0
                        ],
                        [
                            -90.524594,
                            14.579704,
                            0
                        ],
                        [
                            -90.524573,
                            14.579681,
                            0
                        ],
                        [
                            -90.524542,
                            14.57966,
                            0
                        ],
                        [
                            -90.524509,
                            14.579646,
                            0
                        ],
                        [
                            -90.524474,
                            14.579643,
                            0
                        ],
                        [
                            -90.524451,
                            14.579645,
                            0
                        ],
                        [
                            -90.524415,
                            14.579655,
                            0
                        ],
                        [
                            -90.5244,
                            14.579662,
                            0
                        ],
                        [
                            -90.524391,
                            14.579668,
                            0
                        ],
                        [
                            -90.524376,
                            14.579683,
                            0
                        ],
                        [
                            -90.524367,
                            14.579695,
                            0
                        ],
                        [
                            -90.524352,
                            14.579717,
                            0
                        ],
                        [
                            -90.52434,
                            14.579745,
                            0
                        ],
                        [
                            -90.524337,
                            14.579774,
                            0
                        ],
                        [
                            -90.524339,
                            14.579805,
                            0
                        ],
                        [
                            -90.524351,
                            14.579846,
                            0
                        ],
                        [
                            -90.524346,
                            14.579868,
                            0
                        ],
                        [
                            -90.524331,
                            14.579925,
                            0
                        ],
                        [
                            -90.524302,
                            14.580028,
                            0
                        ],
                        [
                            -90.524273,
                            14.580215,
                            0
                        ],
                        [
                            -90.524165,
                            14.580551,
                            0
                        ],
                        [
                            -90.5241,
                            14.580735,
                            0
                        ],
                        [
                            -90.524066,
                            14.580847,
                            0
                        ],
                        [
                            -90.524031,
                            14.58095,
                            0
                        ],
                        [
                            -90.523974,
                            14.581126,
                            0
                        ],
                        [
                            -90.523916,
                            14.581302,
                            0
                        ],
                        [
                            -90.523814,
                            14.581602,
                            0
                        ],
                        [
                            -90.523686,
                            14.581974,
                            0
                        ],
                        [
                            -90.523559,
                            14.582364,
                            0
                        ],
                        [
                            -90.523505,
                            14.582528,
                            0
                        ],
                        [
                            -90.523456,
                            14.582662,
                            0
                        ],
                        [
                            -90.523248,
                            14.583299,
                            0
                        ],
                        [
                            -90.523116,
                            14.583684,
                            0
                        ],
                        [
                            -90.523047,
                            14.583885,
                            0
                        ],
                        [
                            -90.522994,
                            14.584047,
                            0
                        ],
                        [
                            -90.522942,
                            14.584226,
                            0
                        ],
                        [
                            -90.522924,
                            14.584281,
                            0
                        ],
                        [
                            -90.522901,
                            14.584352,
                            0
                        ],
                        [
                            -90.522874,
                            14.584452,
                            0
                        ],
                        [
                            -90.522817,
                            14.584656,
                            0
                        ],
                        [
                            -90.522764,
                            14.584856,
                            0
                        ],
                        [
                            -90.522738,
                            14.584956,
                            0
                        ],
                        [
                            -90.52269,
                            14.585143,
                            0
                        ],
                        [
                            -90.522628,
                            14.585363,
                            0
                        ],
                        [
                            -90.5226,
                            14.585449,
                            0
                        ],
                        [
                            -90.522552,
                            14.585631,
                            0
                        ],
                        [
                            -90.522522,
                            14.585743,
                            0
                        ],
                        [
                            -90.522492,
                            14.585863,
                            0
                        ],
                        [
                            -90.522468,
                            14.585934,
                            0
                        ],
                        [
                            -90.522455,
                            14.585984,
                            0
                        ],
                        [
                            -90.522442,
                            14.586009,
                            0
                        ],
                        [
                            -90.522408,
                            14.586029,
                            0
                        ],
                        [
                            -90.522395,
                            14.586055,
                            0
                        ],
                        [
                            -90.522374,
                            14.586074,
                            0
                        ],
                        [
                            -90.52235,
                            14.586102,
                            0
                        ],
                        [
                            -90.52232,
                            14.586137,
                            0
                        ],
                        [
                            -90.5223,
                            14.586185,
                            0
                        ],
                        [
                            -90.522281,
                            14.586223,
                            0
                        ],
                        [
                            -90.522273,
                            14.586273,
                            0
                        ],
                        [
                            -90.52227,
                            14.586308,
                            0
                        ],
                        [
                            -90.522269,
                            14.586345,
                            0
                        ],
                        [
                            -90.522278,
                            14.586366,
                            0
                        ],
                        [
                            -90.522297,
                            14.586388,
                            0
                        ],
                        [
                            -90.522285,
                            14.586465,
                            0
                        ],
                        [
                            -90.522248,
                            14.586662,
                            0
                        ],
                        [
                            -90.522187,
                            14.586892,
                            0
                        ],
                        [
                            -90.522123,
                            14.587127,
                            0
                        ],
                        [
                            -90.522063,
                            14.587348,
                            0
                        ],
                        [
                            -90.52202,
                            14.587505,
                            0
                        ],
                        [
                            -90.521989,
                            14.587627,
                            0
                        ],
                        [
                            -90.521932,
                            14.587837,
                            0
                        ],
                        [
                            -90.521756,
                            14.588477,
                            0
                        ],
                        [
                            -90.521727,
                            14.588582,
                            0
                        ],
                        [
                            -90.5217,
                            14.588678,
                            0
                        ],
                        [
                            -90.521644,
                            14.58888,
                            0
                        ],
                        [
                            -90.521605,
                            14.589032,
                            0
                        ],
                        [
                            -90.521572,
                            14.589166,
                            0
                        ],
                        [
                            -90.521548,
                            14.589263,
                            0
                        ],
                        [
                            -90.521473,
                            14.589538,
                            0
                        ],
                        [
                            -90.521419,
                            14.589726,
                            0
                        ],
                        [
                            -90.521395,
                            14.589815,
                            0
                        ],
                        [
                            -90.521373,
                            14.589897,
                            0
                        ],
                        [
                            -90.521279,
                            14.590246,
                            0
                        ],
                        [
                            -90.521233,
                            14.590409,
                            0
                        ],
                        [
                            -90.521186,
                            14.590594,
                            0
                        ],
                        [
                            -90.521111,
                            14.590855,
                            0
                        ],
                        [
                            -90.520994,
                            14.591266,
                            0
                        ],
                        [
                            -90.520792,
                            14.591972,
                            0
                        ],
                        [
                            -90.520693,
                            14.592317,
                            0
                        ],
                        [
                            -90.520608,
                            14.592659,
                            0
                        ],
                        [
                            -90.520435,
                            14.593385,
                            0
                        ],
                        [
                            -90.520394,
                            14.593516,
                            0
                        ],
                        [
                            -90.520353,
                            14.593551,
                            0
                        ],
                        [
                            -90.520331,
                            14.593595,
                            0
                        ],
                        [
                            -90.520211,
                            14.594102,
                            0
                        ],
                        [
                            -90.520081,
                            14.594547,
                            0
                        ],
                        [
                            -90.520044,
                            14.594664,
                            0
                        ],
                        [
                            -90.520021,
                            14.594718,
                            0
                        ],
                        [
                            -90.519995,
                            14.594769,
                            0
                        ],
                        [
                            -90.519934,
                            14.594845,
                            0
                        ],
                        [
                            -90.519888,
                            14.594874,
                            0
                        ],
                        [
                            -90.519834,
                            14.594894,
                            0
                        ],
                        [
                            -90.519796,
                            14.594902,
                            0
                        ],
                        [
                            -90.519748,
                            14.594908,
                            0
                        ],
                        [
                            -90.519673,
                            14.594905,
                            0
                        ],
                        [
                            -90.519638,
                            14.594901,
                            0
                        ],
                        [
                            -90.519615,
                            14.5949,
                            0
                        ],
                        [
                            -90.519536,
                            14.594867,
                            0
                        ],
                        [
                            -90.519379,
                            14.594802,
                            0
                        ],
                        [
                            -90.519258,
                            14.594751,
                            0
                        ],
                        [
                            -90.519086,
                            14.594687,
                            0
                        ],
                        [
                            -90.519012,
                            14.594696,
                            0
                        ],
                        [
                            -90.518954,
                            14.594696,
                            0
                        ],
                        [
                            -90.518897,
                            14.594688,
                            0
                        ],
                        [
                            -90.518719,
                            14.594624,
                            0
                        ],
                        [
                            -90.518603,
                            14.594589,
                            0
                        ],
                        [
                            -90.518554,
                            14.594576,
                            0
                        ],
                        [
                            -90.51852,
                            14.594569,
                            0
                        ],
                        [
                            -90.518484,
                            14.594565,
                            0
                        ],
                        [
                            -90.518457,
                            14.594567,
                            0
                        ],
                        [
                            -90.518432,
                            14.594572,
                            0
                        ],
                        [
                            -90.518408,
                            14.594583,
                            0
                        ],
                        [
                            -90.518383,
                            14.594602,
                            0
                        ],
                        [
                            -90.518362,
                            14.594623,
                            0
                        ],
                        [
                            -90.518338,
                            14.594657,
                            0
                        ],
                        [
                            -90.518315,
                            14.594716,
                            0
                        ],
                        [
                            -90.518306,
                            14.594755,
                            0
                        ],
                        [
                            -90.518303,
                            14.594794,
                            0
                        ],
                        [
                            -90.518305,
                            14.59484,
                            0
                        ],
                        [
                            -90.51831,
                            14.594871,
                            0
                        ],
                        [
                            -90.51832,
                            14.594902,
                            0
                        ],
                        [
                            -90.51834,
                            14.594948,
                            0
                        ],
                        [
                            -90.51836,
                            14.594986,
                            0
                        ],
                        [
                            -90.51838,
                            14.595009,
                            0
                        ],
                        [
                            -90.518591,
                            14.595075,
                            0
                        ],
                        [
                            -90.518911,
                            14.595193,
                            0
                        ],
                        [
                            -90.519231,
                            14.595324,
                            0
                        ],
                        [
                            -90.519533,
                            14.59545,
                            0
                        ],
                        [
                            -90.519732,
                            14.595531,
                            0
                        ],
                        [
                            -90.519787,
                            14.595638,
                            0
                        ],
                        [
                            -90.519818,
                            14.5957,
                            0
                        ],
                        [
                            -90.519834,
                            14.595742,
                            0
                        ],
                        [
                            -90.519844,
                            14.595792,
                            0
                        ],
                        [
                            -90.519847,
                            14.595818,
                            0
                        ],
                        [
                            -90.519846,
                            14.595851,
                            0
                        ],
                        [
                            -90.519807,
                            14.596071,
                            0
                        ],
                        [
                            -90.5197,
                            14.596616,
                            0
                        ],
                        [
                            -90.519662,
                            14.596829,
                            0
                        ],
                        [
                            -90.519658,
                            14.596944,
                            0
                        ],
                        [
                            -90.519667,
                            14.597061,
                            0
                        ],
                        [
                            -90.519514,
                            14.597936,
                            0
                        ],
                        [
                            -90.519369,
                            14.598728,
                            0
                        ],
                        [
                            -90.519341,
                            14.598864,
                            0
                        ],
                        [
                            -90.519289,
                            14.598955,
                            0
                        ],
                        [
                            -90.519256,
                            14.599014,
                            0
                        ],
                        [
                            -90.519245,
                            14.599049,
                            0
                        ],
                        [
                            -90.519215,
                            14.599161,
                            0
                        ],
                        [
                            -90.519195,
                            14.599262,
                            0
                        ],
                        [
                            -90.519133,
                            14.599546,
                            0
                        ],
                        [
                            -90.519043,
                            14.599983,
                            0
                        ],
                        [
                            -90.518998,
                            14.600253,
                            0
                        ],
                        [
                            -90.518965,
                            14.600471,
                            0
                        ],
                        [
                            -90.518938,
                            14.600642,
                            0
                        ],
                        [
                            -90.518882,
                            14.600635,
                            0
                        ],
                        [
                            -90.518819,
                            14.600632,
                            0
                        ],
                        [
                            -90.518788,
                            14.600631,
                            0
                        ],
                        [
                            -90.518752,
                            14.600634,
                            0
                        ],
                        [
                            -90.518717,
                            14.600639,
                            0
                        ],
                        [
                            -90.518677,
                            14.600647,
                            0
                        ],
                        [
                            -90.518639,
                            14.600657,
                            0
                        ],
                        [
                            -90.518601,
                            14.60067,
                            0
                        ],
                        [
                            -90.518525,
                            14.600706,
                            0
                        ],
                        [
                            -90.518456,
                            14.600749,
                            0
                        ],
                        [
                            -90.518424,
                            14.600773,
                            0
                        ],
                        [
                            -90.51838,
                            14.600813,
                            0
                        ],
                        [
                            -90.518324,
                            14.600879,
                            0
                        ],
                        [
                            -90.518283,
                            14.600931,
                            0
                        ],
                        [
                            -90.518258,
                            14.600968,
                            0
                        ],
                        [
                            -90.518234,
                            14.601005,
                            0
                        ],
                        [
                            -90.518214,
                            14.601034,
                            0
                        ],
                        [
                            -90.518193,
                            14.601067,
                            0
                        ],
                        [
                            -90.51818,
                            14.601095,
                            0
                        ],
                        [
                            -90.51817,
                            14.601138,
                            0
                        ],
                        [
                            -90.518168,
                            14.601178,
                            0
                        ],
                        [
                            -90.518167,
                            14.601207,
                            0
                        ],
                        [
                            -90.518171,
                            14.601239,
                            0
                        ],
                        [
                            -90.518176,
                            14.601274,
                            0
                        ],
                        [
                            -90.518182,
                            14.601315,
                            0
                        ],
                        [
                            -90.518192,
                            14.601357,
                            0
                        ],
                        [
                            -90.518223,
                            14.60144,
                            0
                        ],
                        [
                            -90.518241,
                            14.601482,
                            0
                        ],
                        [
                            -90.518263,
                            14.60152,
                            0
                        ],
                        [
                            -90.51829,
                            14.601562,
                            0
                        ],
                        [
                            -90.518313,
                            14.601594,
                            0
                        ],
                        [
                            -90.518336,
                            14.60162,
                            0
                        ],
                        [
                            -90.518362,
                            14.601649,
                            0
                        ],
                        [
                            -90.518392,
                            14.601676,
                            0
                        ],
                        [
                            -90.518422,
                            14.601704,
                            0
                        ],
                        [
                            -90.518506,
                            14.601764,
                            0
                        ],
                        [
                            -90.518538,
                            14.601782,
                            0
                        ],
                        [
                            -90.518574,
                            14.601801,
                            0
                        ],
                        [
                            -90.518635,
                            14.601826,
                            0
                        ],
                        [
                            -90.518699,
                            14.601988,
                            0
                        ],
                        [
                            -90.51851,
                            14.602765,
                            0
                        ],
                        [
                            -90.518338,
                            14.603588,
                            0
                        ],
                        [
                            -90.518035,
                            14.605254,
                            0
                        ],
                        [
                            -90.517736,
                            14.606834,
                            0
                        ],
                        [
                            -90.517436,
                            14.608415,
                            0
                        ],
                        [
                            -90.517219,
                            14.609673,
                            0
                        ],
                        [
                            -90.516969,
                            14.610925,
                            0
                        ],
                        [
                            -90.516717,
                            14.612219,
                            0
                        ],
                        [
                            -90.516604,
                            14.61284,
                            0
                        ],
                        [
                            -90.516465,
                            14.613617,
                            0
                        ],
                        [
                            -90.516207,
                            14.614886,
                            0
                        ],
                        [
                            -90.516055,
                            14.615679,
                            0
                        ],
                        [
                            -90.515934,
                            14.616446,
                            0
                        ],
                        [
                            -90.515716,
                            14.618092,
                            0
                        ],
                        [
                            -90.515702,
                            14.618234,
                            0
                        ],
                        [
                            -90.515686,
                            14.618315,
                            0
                        ],
                        [
                            -90.515667,
                            14.618367,
                            0
                        ],
                        [
                            -90.51565,
                            14.618406,
                            0
                        ],
                        [
                            -90.515577,
                            14.61847,
                            0
                        ],
                        [
                            -90.515537,
                            14.618517,
                            0
                        ],
                        [
                            -90.515519,
                            14.61855,
                            0
                        ],
                        [
                            -90.515511,
                            14.618574,
                            0
                        ],
                        [
                            -90.515505,
                            14.618612,
                            0
                        ],
                        [
                            -90.515499,
                            14.618636,
                            0
                        ],
                        [
                            -90.515501,
                            14.618675,
                            0
                        ],
                        [
                            -90.515506,
                            14.618696,
                            0
                        ],
                        [
                            -90.515523,
                            14.618736,
                            0
                        ],
                        [
                            -90.515556,
                            14.618794,
                            0
                        ],
                        [
                            -90.515576,
                            14.61884,
                            0
                        ],
                        [
                            -90.515574,
                            14.61887,
                            0
                        ],
                        [
                            -90.515571,
                            14.618966,
                            0
                        ],
                        [
                            -90.515569,
                            14.619014,
                            0
                        ],
                        [
                            -90.515545,
                            14.619168,
                            0
                        ],
                        [
                            -90.515523,
                            14.619313,
                            0
                        ],
                        [
                            -90.515488,
                            14.619532,
                            0
                        ],
                        [
                            -90.515471,
                            14.619645,
                            0
                        ],
                        [
                            -90.515406,
                            14.620059,
                            0
                        ],
                        [
                            -90.51523,
                            14.621395,
                            0
                        ],
                        [
                            -90.515096,
                            14.622385,
                            0
                        ],
                        [
                            -90.515081,
                            14.622513,
                            0
                        ],
                        [
                            -90.515009,
                            14.622927,
                            0
                        ],
                        [
                            -90.514971,
                            14.623241,
                            0
                        ],
                        [
                            -90.514951,
                            14.623395,
                            0
                        ],
                        [
                            -90.514931,
                            14.623558,
                            0
                        ],
                        [
                            -90.514878,
                            14.623956,
                            0
                        ],
                        [
                            -90.514855,
                            14.624163,
                            0
                        ],
                        [
                            -90.514844,
                            14.62427,
                            0
                        ],
                        [
                            -90.514834,
                            14.624383,
                            0
                        ],
                        [
                            -90.514827,
                            14.624513,
                            0
                        ],
                        [
                            -90.51482,
                            14.624629,
                            0
                        ],
                        [
                            -90.514809,
                            14.624744,
                            0
                        ],
                        [
                            -90.514788,
                            14.62497,
                            0
                        ],
                        [
                            -90.514758,
                            14.625175,
                            0
                        ],
                        [
                            -90.514742,
                            14.625285,
                            0
                        ],
                        [
                            -90.514733,
                            14.625359,
                            0
                        ],
                        [
                            -90.514678,
                            14.625725,
                            0
                        ],
                        [
                            -90.514606,
                            14.626134,
                            0
                        ],
                        [
                            -90.514575,
                            14.626307,
                            0
                        ],
                        [
                            -90.514565,
                            14.626376,
                            0
                        ],
                        [
                            -90.514509,
                            14.62671,
                            0
                        ],
                        [
                            -90.514485,
                            14.626866,
                            0
                        ],
                        [
                            -90.514458,
                            14.627034,
                            0
                        ],
                        [
                            -90.514426,
                            14.627108,
                            0
                        ],
                        [
                            -90.514394,
                            14.627162,
                            0
                        ],
                        [
                            -90.514345,
                            14.627234,
                            0
                        ],
                        [
                            -90.514288,
                            14.627317,
                            0
                        ],
                        [
                            -90.514254,
                            14.627345,
                            0
                        ],
                        [
                            -90.514232,
                            14.627359,
                            0
                        ],
                        [
                            -90.514185,
                            14.627385,
                            0
                        ],
                        [
                            -90.514158,
                            14.62741,
                            0
                        ],
                        [
                            -90.514113,
                            14.62744,
                            0
                        ],
                        [
                            -90.514075,
                            14.627467,
                            0
                        ],
                        [
                            -90.51402,
                            14.627497,
                            0
                        ],
                        [
                            -90.513963,
                            14.627518,
                            0
                        ],
                        [
                            -90.513915,
                            14.627531,
                            0
                        ],
                        [
                            -90.513835,
                            14.62753,
                            0
                        ],
                        [
                            -90.513707,
                            14.627518,
                            0
                        ],
                        [
                            -90.513595,
                            14.627513,
                            0
                        ],
                        [
                            -90.512753,
                            14.627402,
                            0
                        ],
                        [
                            -90.51223,
                            14.630619,
                            0
                        ],
                        [
                            -90.514015,
                            14.630792,
                            0
                        ],
                        [
                            -90.514381,
                            14.630825,
                            0
                        ]
                    ]
                ]
            },
            "properties": {
                "name": "Línea 13",
                "styleUrl": "#poly-7CB342-3101-0-nodesc",
                "fill-opacity": 0,
                "fill": "#7cb342",
                "stroke-opacity": 1,
                "stroke": "#7cb342",
                "stroke-width": 3.101
            }
        },
        {
            "type": "Feature",
            "geometry": {
                "type": "Polygon",
                "coordinates": [
                    [
                        [
                            -90.522631,
                            14.585849,
                            0
                        ],
                        [
                            -90.523003,
                            14.584463,
                            0
                        ],
                        [
                            -90.523412,
                            14.583191,
                            0
                        ],
                        [
                            -90.524489,
                            14.57996,
                            0
                        ],
                        [
                            -90.524562,
                            14.57993,
                            0
                        ],
                        [
                            -90.524625,
                            14.579873,
                            0
                        ],
                        [
                            -90.524639,
                            14.5798,
                            0
                        ],
                        [
                            -90.524644,
                            14.579728,
                            0
                        ],
                        [
                            -90.524598,
                            14.579655,
                            0
                        ],
                        [
                            -90.524524,
                            14.579621,
                            0
                        ],
                        [
                            -90.524439,
                            14.579612,
                            0
                        ],
                        [
                            -90.524375,
                            14.579618,
                            0
                        ],
                        [
                            -90.522911,
                            14.578798,
                            0
                        ],
                        [
                            -90.523005,
                            14.57841,
                            0
                        ],
                        [
                            -90.523131,
                            14.578012,
                            0
                        ],
                        [
                            -90.523388,
                            14.57722,
                            0
                        ],
                        [
                            -90.523498,
                            14.576913,
                            0
                        ],
                        [
                            -90.523624,
                            14.576622,
                            0
                        ],
                        [
                            -90.523887,
                            14.576023,
                            0
                        ],
                        [
                            -90.524141,
                            14.575461,
                            0
                        ],
                        [
                            -90.524416,
                            14.574902,
                            0
                        ],
                        [
                            -90.52493,
                            14.573796,
                            0
                        ],
                        [
                            -90.525067,
                            14.57358,
                            0
                        ],
                        [
                            -90.525212,
                            14.57342,
                            0
                        ],
                        [
                            -90.525319,
                            14.573423,
                            0
                        ],
                        [
                            -90.525432,
                            14.573364,
                            0
                        ],
                        [
                            -90.525572,
                            14.573229,
                            0
                        ],
                        [
                            -90.525641,
                            14.573209,
                            0
                        ],
                        [
                            -90.527489,
                            14.573191,
                            0
                        ],
                        [
                            -90.527811,
                            14.572498,
                            0
                        ],
                        [
                            -90.527834,
                            14.572219,
                            0
                        ],
                        [
                            -90.527827,
                            14.572014,
                            0
                        ],
                        [
                            -90.527787,
                            14.57182,
                            0
                        ],
                        [
                            -90.527634,
                            14.5712,
                            0
                        ],
                        [
                            -90.527587,
                            14.571035,
                            0
                        ],
                        [
                            -90.527532,
                            14.570864,
                            0
                        ],
                        [
                            -90.527482,
                            14.570726,
                            0
                        ],
                        [
                            -90.527385,
                            14.570525,
                            0
                        ],
                        [
                            -90.527299,
                            14.570358,
                            0
                        ],
                        [
                            -90.527208,
                            14.570209,
                            0
                        ],
                        [
                            -90.527104,
                            14.570094,
                            0
                        ],
                        [
                            -90.527001,
                            14.570016,
                            0
                        ],
                        [
                            -90.526838,
                            14.569922,
                            0
                        ],
                        [
                            -90.526663,
                            14.569858,
                            0
                        ],
                        [
                            -90.526573,
                            14.569833,
                            0
                        ],
                        [
                            -90.526443,
                            14.569834,
                            0
                        ],
                        [
                            -90.526314,
                            14.569855,
                            0
                        ],
                        [
                            -90.526188,
                            14.569911,
                            0
                        ],
                        [
                            -90.526076,
                            14.570014,
                            0
                        ],
                        [
                            -90.525947,
                            14.570123,
                            0
                        ],
                        [
                            -90.525856,
                            14.570276,
                            0
                        ],
                        [
                            -90.525757,
                            14.570529,
                            0
                        ],
                        [
                            -90.5257,
                            14.570759,
                            0
                        ],
                        [
                            -90.525534,
                            14.571737,
                            0
                        ],
                        [
                            -90.52544,
                            14.572231,
                            0
                        ],
                        [
                            -90.525369,
                            14.572329,
                            0
                        ],
                        [
                            -90.525253,
                            14.572412,
                            0
                        ],
                        [
                            -90.525083,
                            14.572506,
                            0
                        ],
                        [
                            -90.525006,
                            14.572603,
                            0
                        ],
                        [
                            -90.524949,
                            14.572747,
                            0
                        ],
                        [
                            -90.524862,
                            14.572841,
                            0
                        ],
                        [
                            -90.524824,
                            14.572912,
                            0
                        ],
                        [
                            -90.524794,
                            14.572987,
                            0
                        ],
                        [
                            -90.524737,
                            14.573092,
                            0
                        ],
                        [
                            -90.524489,
                            14.573592,
                            0
                        ],
                        [
                            -90.52426,
                            14.574074,
                            0
                        ],
                        [
                            -90.524008,
                            14.574624,
                            0
                        ],
                        [
                            -90.523768,
                            14.57513,
                            0
                        ],
                        [
                            -90.523541,
                            14.575613,
                            0
                        ],
                        [
                            -90.523336,
                            14.576236,
                            0
                        ],
                        [
                            -90.523064,
                            14.576903,
                            0
                        ],
                        [
                            -90.522875,
                            14.577489,
                            0
                        ],
                        [
                            -90.522651,
                            14.578136,
                            0
                        ],
                        [
                            -90.522534,
                            14.578478,
                            0
                        ],
                        [
                            -90.522476,
                            14.578648,
                            0
                        ],
                        [
                            -90.522401,
                            14.578936,
                            0
                        ],
                        [
                            -90.522447,
                            14.579003,
                            0
                        ],
                        [
                            -90.522526,
                            14.579059,
                            0
                        ],
                        [
                            -90.52258,
                            14.579087,
                            0
                        ],
                        [
                            -90.52265,
                            14.579095,
                            0
                        ],
                        [
                            -90.52272,
                            14.579087,
                            0
                        ],
                        [
                            -90.52279,
                            14.579053,
                            0
                        ],
                        [
                            -90.522896,
                            14.578933,
                            0
                        ],
                        [
                            -90.522999,
                            14.57898,
                            0
                        ],
                        [
                            -90.524217,
                            14.579643,
                            0
                        ],
                        [
                            -90.524263,
                            14.579714,
                            0
                        ],
                        [
                            -90.524295,
                            14.579789,
                            0
                        ],
                        [
                            -90.524322,
                            14.579856,
                            0
                        ],
                        [
                            -90.52424,
                            14.580229,
                            0
                        ],
                        [
                            -90.524023,
                            14.580904,
                            0
                        ],
                        [
                            -90.523671,
                            14.581955,
                            0
                        ],
                        [
                            -90.523318,
                            14.583006,
                            0
                        ],
                        [
                            -90.522967,
                            14.584052,
                            0
                        ],
                        [
                            -90.522596,
                            14.585388,
                            0
                        ],
                        [
                            -90.522483,
                            14.585814,
                            0
                        ],
                        [
                            -90.522435,
                            14.585982,
                            0
                        ],
                        [
                            -90.522386,
                            14.586016,
                            0
                        ],
                        [
                            -90.522332,
                            14.586083,
                            0
                        ],
                        [
                            -90.5223,
                            14.586128,
                            0
                        ],
                        [
                            -90.522262,
                            14.586188,
                            0
                        ],
                        [
                            -90.522251,
                            14.586283,
                            0
                        ],
                        [
                            -90.522298,
                            14.586353,
                            0
                        ],
                        [
                            -90.522326,
                            14.58639,
                            0
                        ],
                        [
                            -90.522375,
                            14.58641,
                            0
                        ],
                        [
                            -90.52243,
                            14.586413,
                            0
                        ],
                        [
                            -90.522478,
                            14.5864,
                            0
                        ],
                        [
                            -90.522528,
                            14.586366,
                            0
                        ],
                        [
                            -90.522551,
                            14.586319,
                            0
                        ],
                        [
                            -90.522572,
                            14.586247,
                            0
                        ],
                        [
                            -90.522561,
                            14.586186,
                            0
                        ],
                        [
                            -90.522575,
                            14.586039,
                            0
                        ],
                        [
                            -90.522601,
                            14.585942,
                            0
                        ],
                        [
                            -90.522631,
                            14.585849,
                            0
                        ]
                    ]
                ]
            },
            "properties": {
                "name": "Línea 13 - Plaza Argentina - Plaza Berlín",
                "styleUrl": "#poly-7CB342-3000-0-nodesc",
                "fill-opacity": 0,
                "fill": "#7cb342",
                "stroke-opacity": 1,
                "stroke": "#7cb342",
                "stroke-width": 3
            }
        },
        {
            "type": "Feature",
            "geometry": {
                "type": "Point",
                "coordinates": [
                    -90.526851,
                    14.569946,
                    0
                ]
            },
            "properties": {
                "name": "Plaza Berlín",
                "description": "Plaza Berlín y Avenida Las Américas, zona 13.",
                "styleUrl": "#icon-1899-DB4436",
                "label-scale": 0,
                "icon-opacity": 1,
                "icon-color": "#db4436",
                "icon-scale": 1,
                "icon-offset": [
                    32,
                    64
                ],
                "icon-offset-units": [
                    "pixels",
                    "insetPixels"
                ],
                "icon": "https://www.gstatic.com/mapspro/images/stock/503-wht-blank_maps.png"
            }
        },
        {
            "type": "Feature",
            "geometry": {
                "type": "Point",
                "coordinates": [
                    -90.524253,
                    14.574241,
                    0
                ]
            },
            "properties": {
                "name": "Juan Pablo II",
                "description": "Avenida Las Américas y 21 calle, zona 13.",
                "styleUrl": "#icon-1899-DB4436",
                "label-scale": 0,
                "icon-opacity": 1,
                "icon-color": "#db4436",
                "icon-scale": 1,
                "icon-offset": [
                    32,
                    64
                ],
                "icon-offset-units": [
                    "pixels",
                    "insetPixels"
                ],
                "icon": "https://www.gstatic.com/mapspro/images/stock/503-wht-blank_maps.png"
            }
        },
        {
            "type": "Feature",
            "geometry": {
                "type": "Point",
                "coordinates": [
                    -90.522537,
                    14.585852,
                    0
                ]
            },
            "properties": {
                "name": "Plaza Argentina",
                "description": "15 avenida y 11 calle, zona 13.",
                "styleUrl": "#icon-1899-DB4436",
                "label-scale": 0,
                "icon-opacity": 1,
                "icon-color": "#db4436",
                "icon-scale": 1,
                "icon-offset": [
                    32,
                    64
                ],
                "icon-offset-units": [
                    "pixels",
                    "insetPixels"
                ],
                "icon": "https://www.gstatic.com/mapspro/images/stock/503-wht-blank_maps.png"
            }
        },
        {
            "type": "Feature",
            "geometry": {
                "type": "Point",
                "coordinates": [
                    -90.47799,
                    14.651049,
                    0
                ]
            },
            "properties": {
                "name": "Atlántida",
                "description": "11 avenida (Bulevar Álvaro Arzú), zona 18. En dirección a Plaza Barrios/FEGUA.",
                "styleUrl": "#icon-1899-DB4436-labelson",
                "icon-opacity": 1,
                "icon-color": "#db4436",
                "icon-scale": 1,
                "icon-offset": [
                    32,
                    64
                ],
                "icon-offset-units": [
                    "pixels",
                    "insetPixels"
                ],
                "icon": "https://www.gstatic.com/mapspro/images/stock/503-wht-blank_maps.png"
            }
        },
        {
            "type": "Feature",
            "geometry": {
                "type": "Point",
                "coordinates": [
                    -90.481988,
                    14.648731,
                    0
                ]
            },
            "properties": {
                "name": "Portales",
                "description": {
                    "@type": "html",
                    "value": "KM. 4.5 Carretera al Atlántico 3-20<br>Ciudad de Guatemala."
                },
                "styleUrl": "#icon-1532-DB4436-labelson",
                "icon-opacity": 1,
                "icon-color": "#db4436",
                "icon-scale": 1,
                "icon": "https://www.gstatic.com/mapspro/images/stock/503-wht-blank_maps.png"
            }
        },
        {
            "type": "Feature",
            "geometry": {
                "type": "Point",
                "coordinates": [
                    -90.493438,
                    14.648428,
                    0
                ]
            },
            "properties": {
                "name": "Victorias",
                "description": "Avenida Las Victorias y 3ª calle, zona 6. En dirección a Atlántida y Plaza Barrios/FEGUA.",
                "styleUrl": "#icon-1532-DB4436-labelson",
                "icon-opacity": 1,
                "icon-color": "#db4436",
                "icon-scale": 1,
                "icon": "https://www.gstatic.com/mapspro/images/stock/503-wht-blank_maps.png"
            }
        },
        {
            "type": "Feature",
            "geometry": {
                "type": "Point",
                "coordinates": [
                    -90.496726,
                    14.645272,
                    0
                ]
            },
            "properties": {
                "name": "San Martín - Dir. Atlántida",
                "description": "1ª calle y 18 avenida, zona 1. En dirección a Atlántida.",
                "styleUrl": "#icon-1532-DB4436-labelson",
                "icon-opacity": 1,
                "icon-color": "#db4436",
                "icon-scale": 1,
                "icon": "https://www.gstatic.com/mapspro/images/stock/503-wht-blank_maps.png"
            }
        },
        {
            "type": "Feature",
            "geometry": {
                "type": "Point",
                "coordinates": [
                    -90.504911,
                    14.648125,
                    0
                ]
            },
            "properties": {
                "name": "Cerro del Carmen - Líneas 6 y 18",
                "description": "1a calle y 13 avenida entre zona 1 y 2. Línea 18 en dirección hacia Atlántida.",
                "styleUrl": "#icon-1532-DB4436-labelson",
                "icon-opacity": 1,
                "icon-color": "#db4436",
                "icon-scale": 1,
                "icon": "https://www.gstatic.com/mapspro/images/stock/503-wht-blank_maps.png"
            }
        },
        {
            "type": "Feature",
            "geometry": {
                "type": "Point",
                "coordinates": [
                    -90.508369,
                    14.639986,
                    0
                ]
            },
            "properties": {
                "name": "Colón - Líneas 6 y 18",
                "description": "11 avenida y 8ª calle, zona 1.",
                "styleUrl": "#icon-1899-DB4436-labelson",
                "icon-opacity": 1,
                "icon-color": "#db4436",
                "icon-scale": 1,
                "icon-offset": [
                    32,
                    64
                ],
                "icon-offset-units": [
                    "pixels",
                    "insetPixels"
                ],
                "icon": "https://www.gstatic.com/mapspro/images/stock/503-wht-blank_maps.png"
            }
        },
        {
            "type": "Feature",
            "geometry": {
                "type": "Point",
                "coordinates": [
                    -90.50937,
                    14.632644,
                    0
                ]
            },
            "properties": {
                "name": "Francos Monroy - Líneas 6 y 18",
                "description": "11 avenida y 15 calle, zona 1.",
                "styleUrl": "#icon-1899-DB4436-labelson",
                "icon-opacity": 1,
                "icon-color": "#db4436",
                "icon-scale": 1,
                "icon-offset": [
                    32,
                    64
                ],
                "icon-offset-units": [
                    "pixels",
                    "insetPixels"
                ],
                "icon": "https://www.gstatic.com/mapspro/images/stock/503-wht-blank_maps.png"
            }
        },
        {
            "type": "Feature",
            "geometry": {
                "type": "Point",
                "coordinates": [
                    -90.511633,
                    14.630528,
                    0
                ]
            },
            "properties": {
                "name": "Plaza Barrios/FEGUA - Líneas 6 y 18",
                "description": "18 calle y 9ª avenida, zona 1.",
                "styleUrl": "#icon-1532-DB4436-labelson",
                "icon-opacity": 1,
                "icon-color": "#db4436",
                "icon-scale": 1,
                "icon": "https://www.gstatic.com/mapspro/images/stock/503-wht-blank_maps.png"
            }
        },
        {
            "type": "Feature",
            "geometry": {
                "type": "Point",
                "coordinates": [
                    -90.509892,
                    14.638555,
                    0
                ]
            },
            "properties": {
                "name": "Capuchinas - Líneas 6 y 18",
                "description": "10ª avenida y 10ª calle, zona 1.",
                "styleUrl": "#icon-1899-DB4436-labelson",
                "icon-opacity": 1,
                "icon-color": "#db4436",
                "icon-scale": 1,
                "icon-offset": [
                    32,
                    64
                ],
                "icon-offset-units": [
                    "pixels",
                    "insetPixels"
                ],
                "icon": "https://www.gstatic.com/mapspro/images/stock/503-wht-blank_maps.png"
            }
        },
        {
            "type": "Feature",
            "geometry": {
                "type": "Point",
                "coordinates": [
                    -90.496452,
                    14.644935,
                    0
                ]
            },
            "properties": {
                "name": "San Martín - Dir. Plaza Barrios/FEGUA",
                "description": "20 avenida y 1ª calle, zona 1. En dirección a Plaza Barrios/FEGUA.",
                "styleUrl": "#icon-1532-DB4436-labelson",
                "icon-opacity": 1,
                "icon-color": "#db4436",
                "icon-scale": 1,
                "icon": "https://www.gstatic.com/mapspro/images/stock/503-wht-blank_maps.png"
            }
        },
        {
            "type": "Feature",
            "geometry": {
                "type": "GeometryCollection",
                "geometries": [
                    {
                        "type": "Polygon",
                        "coordinates": [
                            [
                                [
                                    -90.508303,
                                    14.640419,
                                    0
                                ],
                                [
                                    -90.509563,
                                    14.640593,
                                    0
                                ],
                                [
                                    -90.509789,
                                    14.639032,
                                    0
                                ],
                                [
                                    -90.510004,
                                    14.637434,
                                    0
                                ],
                                [
                                    -90.510434,
                                    14.634207,
                                    0
                                ],
                                [
                                    -90.512624,
                                    14.634556,
                                    0
                                ],
                                [
                                    -90.513205,
                                    14.630725,
                                    0
                                ],
                                [
                                    -90.51225,
                                    14.630643,
                                    0
                                ],
                                [
                                    -90.511618,
                                    14.630538,
                                    0
                                ],
                                [
                                    -90.510654,
                                    14.630418,
                                    0
                                ],
                                [
                                    -90.509695,
                                    14.630287,
                                    0
                                ],
                                [
                                    -90.508303,
                                    14.640419,
                                    0
                                ]
                            ]
                        ]
                    },
                    {
                        "type": "Polygon",
                        "coordinates": [
                            [
                                [
                                    -90.496257,
                                    14.645122,
                                    0
                                ],
                                [
                                    -90.496227,
                                    14.645111,
                                    0
                                ],
                                [
                                    -90.496175,
                                    14.645097,
                                    0
                                ],
                                [
                                    -90.495207,
                                    14.646248,
                                    0
                                ],
                                [
                                    -90.494217,
                                    14.647435,
                                    0
                                ],
                                [
                                    -90.493392,
                                    14.648418,
                                    0
                                ],
                                [
                                    -90.493211,
                                    14.64871,
                                    0
                                ],
                                [
                                    -90.493019,
                                    14.648989,
                                    0
                                ],
                                [
                                    -90.492628,
                                    14.649474,
                                    0
                                ],
                                [
                                    -90.491916,
                                    14.64972,
                                    0
                                ],
                                [
                                    -90.486461,
                                    14.649223,
                                    0
                                ],
                                [
                                    -90.484403,
                                    14.648996,
                                    0
                                ],
                                [
                                    -90.482574,
                                    14.648819,
                                    0
                                ],
                                [
                                    -90.48131,
                                    14.648629,
                                    0
                                ],
                                [
                                    -90.480333,
                                    14.64849,
                                    0
                                ],
                                [
                                    -90.47969,
                                    14.648427,
                                    0
                                ],
                                [
                                    -90.478258,
                                    14.64834,
                                    0
                                ],
                                [
                                    -90.478174,
                                    14.648647,
                                    0
                                ],
                                [
                                    -90.47809,
                                    14.648969,
                                    0
                                ],
                                [
                                    -90.477876,
                                    14.649325,
                                    0
                                ],
                                [
                                    -90.477856,
                                    14.649431,
                                    0
                                ],
                                [
                                    -90.477924,
                                    14.649651,
                                    0
                                ],
                                [
                                    -90.477994,
                                    14.649773,
                                    0
                                ],
                                [
                                    -90.478009,
                                    14.649861,
                                    0
                                ],
                                [
                                    -90.478035,
                                    14.650105,
                                    0
                                ],
                                [
                                    -90.477952,
                                    14.65168,
                                    0
                                ],
                                [
                                    -90.477929,
                                    14.651771,
                                    0
                                ],
                                [
                                    -90.477786,
                                    14.65207,
                                    0
                                ],
                                [
                                    -90.477826,
                                    14.652146,
                                    0
                                ],
                                [
                                    -90.477925,
                                    14.652199,
                                    0
                                ],
                                [
                                    -90.477993,
                                    14.652183,
                                    0
                                ],
                                [
                                    -90.478046,
                                    14.652141,
                                    0
                                ],
                                [
                                    -90.478181,
                                    14.649725,
                                    0
                                ],
                                [
                                    -90.478261,
                                    14.648434,
                                    0
                                ],
                                [
                                    -90.479653,
                                    14.648528,
                                    0
                                ],
                                [
                                    -90.480315,
                                    14.648586,
                                    0
                                ],
                                [
                                    -90.481491,
                                    14.648766,
                                    0
                                ],
                                [
                                    -90.482557,
                                    14.648923,
                                    0
                                ],
                                [
                                    -90.483398,
                                    14.648993,
                                    0
                                ],
                                [
                                    -90.484536,
                                    14.649102,
                                    0
                                ],
                                [
                                    -90.486476,
                                    14.649321,
                                    0
                                ],
                                [
                                    -90.491726,
                                    14.649853,
                                    0
                                ],
                                [
                                    -90.492668,
                                    14.649501,
                                    0
                                ],
                                [
                                    -90.492987,
                                    14.649103,
                                    0
                                ],
                                [
                                    -90.493262,
                                    14.648719,
                                    0
                                ],
                                [
                                    -90.493424,
                                    14.648494,
                                    0
                                ],
                                [
                                    -90.493684,
                                    14.64822,
                                    0
                                ],
                                [
                                    -90.494311,
                                    14.647484,
                                    0
                                ],
                                [
                                    -90.495575,
                                    14.645938,
                                    0
                                ],
                                [
                                    -90.496257,
                                    14.645122,
                                    0
                                ]
                            ]
                        ]
                    },
                    {
                        "type": "Polygon",
                        "coordinates": [
                            [
                                [
                                    -90.508303,
                                    14.640419,
                                    0
                                ],
                                [
                                    -90.505043,
                                    14.639968,
                                    0
                                ],
                                [
                                    -90.504573,
                                    14.640704,
                                    0
                                ],
                                [
                                    -90.504024,
                                    14.640543,
                                    0
                                ],
                                [
                                    -90.503695,
                                    14.640382,
                                    0
                                ],
                                [
                                    -90.503249,
                                    14.640189,
                                    0
                                ],
                                [
                                    -90.502814,
                                    14.6403,
                                    0
                                ],
                                [
                                    -90.502546,
                                    14.640379,
                                    0
                                ],
                                [
                                    -90.502487,
                                    14.640401,
                                    0
                                ],
                                [
                                    -90.502434,
                                    14.640455,
                                    0
                                ],
                                [
                                    -90.502141,
                                    14.64104,
                                    0
                                ],
                                [
                                    -90.50205,
                                    14.641221,
                                    0
                                ],
                                [
                                    -90.501854,
                                    14.641625,
                                    0
                                ],
                                [
                                    -90.501782,
                                    14.641775,
                                    0
                                ],
                                [
                                    -90.50172,
                                    14.641911,
                                    0
                                ],
                                [
                                    -90.501656,
                                    14.642032,
                                    0
                                ],
                                [
                                    -90.50157,
                                    14.642185,
                                    0
                                ],
                                [
                                    -90.501519,
                                    14.642273,
                                    0
                                ],
                                [
                                    -90.501488,
                                    14.642316,
                                    0
                                ],
                                [
                                    -90.501325,
                                    14.642227,
                                    0
                                ],
                                [
                                    -90.501056,
                                    14.642079,
                                    0
                                ],
                                [
                                    -90.500854,
                                    14.641965,
                                    0
                                ],
                                [
                                    -90.500782,
                                    14.641927,
                                    0
                                ],
                                [
                                    -90.500366,
                                    14.641716,
                                    0
                                ],
                                [
                                    -90.49996,
                                    14.64153,
                                    0
                                ],
                                [
                                    -90.499868,
                                    14.641745,
                                    0
                                ],
                                [
                                    -90.499681,
                                    14.642186,
                                    0
                                ],
                                [
                                    -90.499467,
                                    14.642653,
                                    0
                                ],
                                [
                                    -90.499081,
                                    14.643609,
                                    0
                                ],
                                [
                                    -90.498598,
                                    14.643368,
                                    0
                                ],
                                [
                                    -90.498539,
                                    14.643342,
                                    0
                                ],
                                [
                                    -90.498456,
                                    14.643532,
                                    0
                                ],
                                [
                                    -90.498303,
                                    14.643799,
                                    0
                                ],
                                [
                                    -90.498134,
                                    14.64401,
                                    0
                                ],
                                [
                                    -90.497938,
                                    14.644132,
                                    0
                                ],
                                [
                                    -90.497626,
                                    14.644235,
                                    0
                                ],
                                [
                                    -90.497278,
                                    14.644341,
                                    0
                                ],
                                [
                                    -90.497053,
                                    14.644423,
                                    0
                                ],
                                [
                                    -90.49693,
                                    14.644491,
                                    0
                                ],
                                [
                                    -90.496806,
                                    14.644581,
                                    0
                                ],
                                [
                                    -90.496442,
                                    14.644902,
                                    0
                                ],
                                [
                                    -90.496257,
                                    14.645122,
                                    0
                                ],
                                [
                                    -90.497188,
                                    14.645479,
                                    0
                                ],
                                [
                                    -90.497573,
                                    14.645639,
                                    0
                                ],
                                [
                                    -90.497953,
                                    14.645805,
                                    0
                                ],
                                [
                                    -90.498724,
                                    14.64612,
                                    0
                                ],
                                [
                                    -90.499993,
                                    14.646627,
                                    0
                                ],
                                [
                                    -90.500716,
                                    14.646909,
                                    0
                                ],
                                [
                                    -90.501783,
                                    14.6474,
                                    0
                                ],
                                [
                                    -90.502294,
                                    14.647594,
                                    0
                                ],
                                [
                                    -90.502789,
                                    14.647763,
                                    0
                                ],
                                [
                                    -90.503256,
                                    14.647928,
                                    0
                                ],
                                [
                                    -90.503772,
                                    14.648056,
                                    0
                                ],
                                [
                                    -90.50407,
                                    14.648101,
                                    0
                                ],
                                [
                                    -90.504391,
                                    14.648133,
                                    0
                                ],
                                [
                                    -90.50465,
                                    14.648127,
                                    0
                                ],
                                [
                                    -90.504872,
                                    14.648114,
                                    0
                                ],
                                [
                                    -90.504927,
                                    14.648093,
                                    0
                                ],
                                [
                                    -90.504996,
                                    14.648061,
                                    0
                                ],
                                [
                                    -90.505166,
                                    14.647982,
                                    0
                                ],
                                [
                                    -90.505326,
                                    14.647905,
                                    0
                                ],
                                [
                                    -90.505605,
                                    14.647743,
                                    0
                                ],
                                [
                                    -90.505884,
                                    14.647595,
                                    0
                                ],
                                [
                                    -90.506842,
                                    14.647122,
                                    0
                                ],
                                [
                                    -90.507026,
                                    14.647073,
                                    0
                                ],
                                [
                                    -90.507148,
                                    14.647048,
                                    0
                                ],
                                [
                                    -90.507305,
                                    14.64704,
                                    0
                                ],
                                [
                                    -90.507391,
                                    14.647055,
                                    0
                                ],
                                [
                                    -90.508303,
                                    14.640419,
                                    0
                                ]
                            ]
                        ]
                    }
                ]
            },
            "properties": {
                "name": "LÍnea 18",
                "styleUrl": "#poly-0288D1-2801-0-nodesc",
                "fill-opacity": 0,
                "fill": "#0288d1",
                "stroke-opacity": 1,
                "stroke": "#0288d1",
                "stroke-width": 2.801
            }
        },
        {
            "type": "Feature",
            "geometry": {
                "type": "Point",
                "coordinates": [
                    -90.477989,
                    14.65102,
                    0
                ]
            },
            "properties": {
                "name": "Atlántida - San Rafael - Paraíso",
                "description": "11 avenida (Bulevar Álvaro Arzú), zona 18. En dirección a Paraíso.",
                "styleUrl": "#icon-1532-DB4436-labelson",
                "icon-opacity": 1,
                "icon-color": "#db4436",
                "icon-scale": 1,
                "icon": "https://www.gstatic.com/mapspro/images/stock/503-wht-blank_maps.png"
            }
        },
        {
            "type": "Feature",
            "geometry": {
                "type": "Point",
                "coordinates": [
                    -90.446671,
                    14.65898,
                    0
                ]
            },
            "properties": {
                "name": "Paraíso",
                "description": "12 calle y 25 avenida, zona 18.",
                "styleUrl": "#icon-1532-DB4436-labelson",
                "icon-opacity": 1,
                "icon-color": "#db4436",
                "icon-scale": 1,
                "icon": "https://www.gstatic.com/mapspro/images/stock/503-wht-blank_maps.png"
            }
        },
        {
            "type": "Feature",
            "geometry": {
                "type": "Point",
                "coordinates": [
                    -90.452061,
                    14.654982,
                    0
                ]
            },
            "properties": {
                "name": "San Rafael",
                "description": "12 calle y 4ª avenida Colonia San Rafael, zona 18.",
                "styleUrl": "#icon-1532-DB4436-labelson",
                "icon-opacity": 1,
                "icon-color": "#db4436",
                "icon-scale": 1,
                "icon": "https://www.gstatic.com/mapspro/images/stock/503-wht-blank_maps.png"
            }
        },
        {
            "type": "Feature",
            "geometry": {
                "type": "GeometryCollection",
                "geometries": [
                    {
                        "type": "Polygon",
                        "coordinates": [
                            [
                                [
                                    -90.472396,
                                    14.649936,
                                    0
                                ],
                                [
                                    -90.472435,
                                    14.650019,
                                    0
                                ],
                                [
                                    -90.472484,
                                    14.650091,
                                    0
                                ],
                                [
                                    -90.472606,
                                    14.650213,
                                    0
                                ],
                                [
                                    -90.472686,
                                    14.65029,
                                    0
                                ],
                                [
                                    -90.472779,
                                    14.650363,
                                    0
                                ],
                                [
                                    -90.472909,
                                    14.65046,
                                    0
                                ],
                                [
                                    -90.473116,
                                    14.65058,
                                    0
                                ],
                                [
                                    -90.473326,
                                    14.65066,
                                    0
                                ],
                                [
                                    -90.473488,
                                    14.650721,
                                    0
                                ],
                                [
                                    -90.473618,
                                    14.650781,
                                    0
                                ],
                                [
                                    -90.473704,
                                    14.650849,
                                    0
                                ],
                                [
                                    -90.47377,
                                    14.65092,
                                    0
                                ],
                                [
                                    -90.473818,
                                    14.65097,
                                    0
                                ],
                                [
                                    -90.473893,
                                    14.651087,
                                    0
                                ],
                                [
                                    -90.473941,
                                    14.651203,
                                    0
                                ],
                                [
                                    -90.473997,
                                    14.651467,
                                    0
                                ],
                                [
                                    -90.474085,
                                    14.651923,
                                    0
                                ],
                                [
                                    -90.474183,
                                    14.652245,
                                    0
                                ],
                                [
                                    -90.474319,
                                    14.652612,
                                    0
                                ],
                                [
                                    -90.474446,
                                    14.652953,
                                    0
                                ],
                                [
                                    -90.474638,
                                    14.653439,
                                    0
                                ],
                                [
                                    -90.474756,
                                    14.653759,
                                    0
                                ],
                                [
                                    -90.474875,
                                    14.65408,
                                    0
                                ],
                                [
                                    -90.474941,
                                    14.654258,
                                    0
                                ],
                                [
                                    -90.475025,
                                    14.65434,
                                    0
                                ],
                                [
                                    -90.475124,
                                    14.65439,
                                    0
                                ],
                                [
                                    -90.4752,
                                    14.654413,
                                    0
                                ],
                                [
                                    -90.475344,
                                    14.654389,
                                    0
                                ],
                                [
                                    -90.475495,
                                    14.654407,
                                    0
                                ],
                                [
                                    -90.476178,
                                    14.654488,
                                    0
                                ],
                                [
                                    -90.476545,
                                    14.654555,
                                    0
                                ],
                                [
                                    -90.476781,
                                    14.654566,
                                    0
                                ],
                                [
                                    -90.476934,
                                    14.654538,
                                    0
                                ],
                                [
                                    -90.477163,
                                    14.65447,
                                    0
                                ],
                                [
                                    -90.477406,
                                    14.65435,
                                    0
                                ],
                                [
                                    -90.47754,
                                    14.654252,
                                    0
                                ],
                                [
                                    -90.477616,
                                    14.654174,
                                    0
                                ],
                                [
                                    -90.477683,
                                    14.654127,
                                    0
                                ],
                                [
                                    -90.477693,
                                    14.654079,
                                    0
                                ],
                                [
                                    -90.477725,
                                    14.654019,
                                    0
                                ],
                                [
                                    -90.477769,
                                    14.653968,
                                    0
                                ],
                                [
                                    -90.477802,
                                    14.653934,
                                    0
                                ],
                                [
                                    -90.477849,
                                    14.653806,
                                    0
                                ],
                                [
                                    -90.477863,
                                    14.653737,
                                    0
                                ],
                                [
                                    -90.477871,
                                    14.653684,
                                    0
                                ],
                                [
                                    -90.477868,
                                    14.65355,
                                    0
                                ],
                                [
                                    -90.47788,
                                    14.653107,
                                    0
                                ],
                                [
                                    -90.477899,
                                    14.652796,
                                    0
                                ],
                                [
                                    -90.47791,
                                    14.65263,
                                    0
                                ],
                                [
                                    -90.477907,
                                    14.652528,
                                    0
                                ],
                                [
                                    -90.477879,
                                    14.652451,
                                    0
                                ],
                                [
                                    -90.477756,
                                    14.652193,
                                    0
                                ],
                                [
                                    -90.477748,
                                    14.652127,
                                    0
                                ],
                                [
                                    -90.477754,
                                    14.652078,
                                    0
                                ],
                                [
                                    -90.477907,
                                    14.651771,
                                    0
                                ],
                                [
                                    -90.477942,
                                    14.651672,
                                    0
                                ],
                                [
                                    -90.477977,
                                    14.651059,
                                    0
                                ],
                                [
                                    -90.478004,
                                    14.650525,
                                    0
                                ],
                                [
                                    -90.478027,
                                    14.650107,
                                    0
                                ],
                                [
                                    -90.47797,
                                    14.649785,
                                    0
                                ],
                                [
                                    -90.477901,
                                    14.649655,
                                    0
                                ],
                                [
                                    -90.477838,
                                    14.649428,
                                    0
                                ],
                                [
                                    -90.477859,
                                    14.649318,
                                    0
                                ],
                                [
                                    -90.478067,
                                    14.648957,
                                    0
                                ],
                                [
                                    -90.47821,
                                    14.648423,
                                    0
                                ],
                                [
                                    -90.4778,
                                    14.648372,
                                    0
                                ],
                                [
                                    -90.4774,
                                    14.648329,
                                    0
                                ],
                                [
                                    -90.476947,
                                    14.648285,
                                    0
                                ],
                                [
                                    -90.476488,
                                    14.648238,
                                    0
                                ],
                                [
                                    -90.476126,
                                    14.648223,
                                    0
                                ],
                                [
                                    -90.475747,
                                    14.64822,
                                    0
                                ],
                                [
                                    -90.475394,
                                    14.648251,
                                    0
                                ],
                                [
                                    -90.475051,
                                    14.648315,
                                    0
                                ],
                                [
                                    -90.474474,
                                    14.648474,
                                    0
                                ],
                                [
                                    -90.474112,
                                    14.648615,
                                    0
                                ],
                                [
                                    -90.473887,
                                    14.64873,
                                    0
                                ],
                                [
                                    -90.473559,
                                    14.648964,
                                    0
                                ],
                                [
                                    -90.473109,
                                    14.649279,
                                    0
                                ],
                                [
                                    -90.472827,
                                    14.649519,
                                    0
                                ],
                                [
                                    -90.472532,
                                    14.649814,
                                    0
                                ],
                                [
                                    -90.472396,
                                    14.649936,
                                    0
                                ]
                            ]
                        ]
                    },
                    {
                        "type": "Polygon",
                        "coordinates": [
                            [
                                [
                                    -90.472396,
                                    14.649936,
                                    0
                                ],
                                [
                                    -90.472378,
                                    14.649897,
                                    0
                                ],
                                [
                                    -90.472338,
                                    14.649851,
                                    0
                                ],
                                [
                                    -90.472273,
                                    14.649839,
                                    0
                                ],
                                [
                                    -90.472205,
                                    14.649859,
                                    0
                                ],
                                [
                                    -90.472157,
                                    14.649938,
                                    0
                                ],
                                [
                                    -90.47204,
                                    14.6501,
                                    0
                                ],
                                [
                                    -90.471786,
                                    14.650514,
                                    0
                                ],
                                [
                                    -90.471619,
                                    14.650819,
                                    0
                                ],
                                [
                                    -90.471495,
                                    14.651127,
                                    0
                                ],
                                [
                                    -90.471398,
                                    14.651468,
                                    0
                                ],
                                [
                                    -90.471253,
                                    14.652011,
                                    0
                                ],
                                [
                                    -90.47118,
                                    14.652528,
                                    0
                                ],
                                [
                                    -90.471123,
                                    14.652947,
                                    0
                                ],
                                [
                                    -90.471086,
                                    14.65334,
                                    0
                                ],
                                [
                                    -90.471036,
                                    14.653893,
                                    0
                                ],
                                [
                                    -90.470989,
                                    14.654161,
                                    0
                                ],
                                [
                                    -90.470896,
                                    14.654397,
                                    0
                                ],
                                [
                                    -90.470785,
                                    14.654588,
                                    0
                                ],
                                [
                                    -90.470627,
                                    14.654795,
                                    0
                                ],
                                [
                                    -90.47035,
                                    14.655038,
                                    0
                                ],
                                [
                                    -90.469948,
                                    14.655263,
                                    0
                                ],
                                [
                                    -90.469418,
                                    14.655567,
                                    0
                                ],
                                [
                                    -90.468855,
                                    14.655855,
                                    0
                                ],
                                [
                                    -90.468485,
                                    14.656003,
                                    0
                                ],
                                [
                                    -90.468157,
                                    14.656083,
                                    0
                                ],
                                [
                                    -90.467876,
                                    14.656131,
                                    0
                                ],
                                [
                                    -90.467574,
                                    14.656142,
                                    0
                                ],
                                [
                                    -90.467139,
                                    14.656114,
                                    0
                                ],
                                [
                                    -90.466548,
                                    14.656028,
                                    0
                                ],
                                [
                                    -90.46565,
                                    14.655896,
                                    0
                                ],
                                [
                                    -90.464818,
                                    14.655795,
                                    0
                                ],
                                [
                                    -90.464361,
                                    14.655722,
                                    0
                                ],
                                [
                                    -90.463998,
                                    14.655629,
                                    0
                                ],
                                [
                                    -90.463597,
                                    14.655528,
                                    0
                                ],
                                [
                                    -90.463091,
                                    14.65533,
                                    0
                                ],
                                [
                                    -90.462443,
                                    14.655018,
                                    0
                                ],
                                [
                                    -90.461811,
                                    14.654721,
                                    0
                                ],
                                [
                                    -90.460797,
                                    14.654228,
                                    0
                                ],
                                [
                                    -90.460231,
                                    14.653945,
                                    0
                                ],
                                [
                                    -90.459727,
                                    14.65369,
                                    0
                                ],
                                [
                                    -90.459192,
                                    14.653445,
                                    0
                                ],
                                [
                                    -90.45842,
                                    14.653081,
                                    0
                                ],
                                [
                                    -90.457901,
                                    14.652857,
                                    0
                                ],
                                [
                                    -90.457544,
                                    14.65273,
                                    0
                                ],
                                [
                                    -90.457089,
                                    14.652581,
                                    0
                                ],
                                [
                                    -90.456565,
                                    14.652411,
                                    0
                                ],
                                [
                                    -90.45583,
                                    14.652227,
                                    0
                                ],
                                [
                                    -90.455473,
                                    14.65215,
                                    0
                                ],
                                [
                                    -90.455334,
                                    14.652144,
                                    0
                                ],
                                [
                                    -90.455204,
                                    14.652179,
                                    0
                                ],
                                [
                                    -90.455061,
                                    14.652256,
                                    0
                                ],
                                [
                                    -90.454996,
                                    14.652357,
                                    0
                                ],
                                [
                                    -90.454926,
                                    14.652562,
                                    0
                                ],
                                [
                                    -90.454799,
                                    14.65299,
                                    0
                                ],
                                [
                                    -90.45462,
                                    14.653475,
                                    0
                                ],
                                [
                                    -90.454474,
                                    14.653776,
                                    0
                                ],
                                [
                                    -90.454374,
                                    14.65388,
                                    0
                                ],
                                [
                                    -90.454322,
                                    14.653947,
                                    0
                                ],
                                [
                                    -90.454226,
                                    14.65401,
                                    0
                                ],
                                [
                                    -90.454105,
                                    14.654082,
                                    0
                                ],
                                [
                                    -90.453584,
                                    14.654269,
                                    0
                                ],
                                [
                                    -90.453204,
                                    14.654427,
                                    0
                                ],
                                [
                                    -90.452658,
                                    14.654652,
                                    0
                                ],
                                [
                                    -90.452271,
                                    14.654798,
                                    0
                                ],
                                [
                                    -90.451805,
                                    14.655009,
                                    0
                                ],
                                [
                                    -90.45134,
                                    14.655258,
                                    0
                                ],
                                [
                                    -90.451139,
                                    14.655378,
                                    0
                                ],
                                [
                                    -90.450928,
                                    14.655537,
                                    0
                                ],
                                [
                                    -90.450767,
                                    14.655687,
                                    0
                                ],
                                [
                                    -90.450377,
                                    14.656112,
                                    0
                                ],
                                [
                                    -90.450051,
                                    14.656483,
                                    0
                                ],
                                [
                                    -90.449532,
                                    14.657082,
                                    0
                                ],
                                [
                                    -90.449197,
                                    14.65744,
                                    0
                                ],
                                [
                                    -90.449002,
                                    14.657643,
                                    0
                                ],
                                [
                                    -90.448801,
                                    14.657835,
                                    0
                                ],
                                [
                                    -90.448561,
                                    14.65805,
                                    0
                                ],
                                [
                                    -90.448304,
                                    14.658204,
                                    0
                                ],
                                [
                                    -90.448035,
                                    14.658344,
                                    0
                                ],
                                [
                                    -90.447767,
                                    14.658465,
                                    0
                                ],
                                [
                                    -90.447483,
                                    14.658576,
                                    0
                                ],
                                [
                                    -90.447113,
                                    14.658762,
                                    0
                                ],
                                [
                                    -90.446679,
                                    14.658942,
                                    0
                                ],
                                [
                                    -90.446413,
                                    14.659057,
                                    0
                                ],
                                [
                                    -90.44514,
                                    14.659616,
                                    0
                                ],
                                [
                                    -90.445166,
                                    14.659653,
                                    0
                                ],
                                [
                                    -90.445976,
                                    14.659303,
                                    0
                                ],
                                [
                                    -90.446733,
                                    14.658975,
                                    0
                                ],
                                [
                                    -90.447376,
                                    14.658705,
                                    0
                                ],
                                [
                                    -90.44777,
                                    14.658533,
                                    0
                                ],
                                [
                                    -90.448092,
                                    14.658397,
                                    0
                                ],
                                [
                                    -90.448233,
                                    14.65833,
                                    0
                                ],
                                [
                                    -90.44846,
                                    14.658211,
                                    0
                                ],
                                [
                                    -90.4486,
                                    14.658132,
                                    0
                                ],
                                [
                                    -90.448751,
                                    14.658003,
                                    0
                                ],
                                [
                                    -90.449035,
                                    14.657722,
                                    0
                                ],
                                [
                                    -90.449592,
                                    14.657119,
                                    0
                                ],
                                [
                                    -90.450054,
                                    14.656656,
                                    0
                                ],
                                [
                                    -90.450451,
                                    14.656222,
                                    0
                                ],
                                [
                                    -90.450842,
                                    14.655777,
                                    0
                                ],
                                [
                                    -90.451104,
                                    14.655529,
                                    0
                                ],
                                [
                                    -90.451272,
                                    14.655414,
                                    0
                                ],
                                [
                                    -90.451646,
                                    14.655214,
                                    0
                                ],
                                [
                                    -90.452094,
                                    14.655006,
                                    0
                                ],
                                [
                                    -90.452702,
                                    14.654758,
                                    0
                                ],
                                [
                                    -90.453093,
                                    14.654585,
                                    0
                                ],
                                [
                                    -90.453586,
                                    14.654379,
                                    0
                                ],
                                [
                                    -90.454064,
                                    14.654193,
                                    0
                                ],
                                [
                                    -90.454213,
                                    14.654136,
                                    0
                                ],
                                [
                                    -90.454351,
                                    14.654051,
                                    0
                                ],
                                [
                                    -90.454456,
                                    14.653957,
                                    0
                                ],
                                [
                                    -90.454566,
                                    14.65385,
                                    0
                                ],
                                [
                                    -90.45463,
                                    14.653766,
                                    0
                                ],
                                [
                                    -90.45466,
                                    14.653706,
                                    0
                                ],
                                [
                                    -90.454774,
                                    14.65337,
                                    0
                                ],
                                [
                                    -90.454884,
                                    14.653033,
                                    0
                                ],
                                [
                                    -90.454981,
                                    14.652733,
                                    0
                                ],
                                [
                                    -90.455045,
                                    14.652558,
                                    0
                                ],
                                [
                                    -90.455098,
                                    14.652469,
                                    0
                                ],
                                [
                                    -90.455156,
                                    14.652419,
                                    0
                                ],
                                [
                                    -90.455221,
                                    14.652386,
                                    0
                                ],
                                [
                                    -90.455382,
                                    14.652358,
                                    0
                                ],
                                [
                                    -90.456071,
                                    14.652481,
                                    0
                                ],
                                [
                                    -90.456782,
                                    14.652614,
                                    0
                                ],
                                [
                                    -90.457388,
                                    14.65278,
                                    0
                                ],
                                [
                                    -90.457701,
                                    14.652891,
                                    0
                                ],
                                [
                                    -90.458021,
                                    14.653026,
                                    0
                                ],
                                [
                                    -90.458748,
                                    14.653345,
                                    0
                                ],
                                [
                                    -90.459142,
                                    14.653537,
                                    0
                                ],
                                [
                                    -90.459577,
                                    14.653745,
                                    0
                                ],
                                [
                                    -90.460181,
                                    14.65403,
                                    0
                                ],
                                [
                                    -90.460791,
                                    14.65434,
                                    0
                                ],
                                [
                                    -90.461141,
                                    14.654538,
                                    0
                                ],
                                [
                                    -90.461576,
                                    14.654746,
                                    0
                                ],
                                [
                                    -90.461775,
                                    14.654849,
                                    0
                                ],
                                [
                                    -90.462063,
                                    14.654988,
                                    0
                                ],
                                [
                                    -90.462393,
                                    14.655158,
                                    0
                                ],
                                [
                                    -90.462777,
                                    14.655322,
                                    0
                                ],
                                [
                                    -90.463014,
                                    14.655442,
                                    0
                                ],
                                [
                                    -90.463181,
                                    14.655515,
                                    0
                                ],
                                [
                                    -90.463466,
                                    14.65562,
                                    0
                                ],
                                [
                                    -90.463695,
                                    14.655702,
                                    0
                                ],
                                [
                                    -90.46397,
                                    14.655776,
                                    0
                                ],
                                [
                                    -90.46429,
                                    14.655844,
                                    0
                                ],
                                [
                                    -90.464591,
                                    14.6559,
                                    0
                                ],
                                [
                                    -90.464899,
                                    14.65594,
                                    0
                                ],
                                [
                                    -90.465136,
                                    14.65597,
                                    0
                                ],
                                [
                                    -90.465442,
                                    14.656012,
                                    0
                                ],
                                [
                                    -90.465901,
                                    14.656066,
                                    0
                                ],
                                [
                                    -90.466374,
                                    14.656127,
                                    0
                                ],
                                [
                                    -90.466965,
                                    14.656214,
                                    0
                                ],
                                [
                                    -90.467291,
                                    14.656261,
                                    0
                                ],
                                [
                                    -90.467498,
                                    14.656273,
                                    0
                                ],
                                [
                                    -90.467781,
                                    14.656284,
                                    0
                                ],
                                [
                                    -90.468025,
                                    14.656271,
                                    0
                                ],
                                [
                                    -90.468274,
                                    14.6562,
                                    0
                                ],
                                [
                                    -90.468562,
                                    14.656127,
                                    0
                                ],
                                [
                                    -90.468842,
                                    14.656023,
                                    0
                                ],
                                [
                                    -90.469012,
                                    14.655926,
                                    0
                                ],
                                [
                                    -90.469412,
                                    14.655723,
                                    0
                                ],
                                [
                                    -90.469741,
                                    14.655535,
                                    0
                                ],
                                [
                                    -90.470005,
                                    14.65538,
                                    0
                                ],
                                [
                                    -90.470239,
                                    14.655254,
                                    0
                                ],
                                [
                                    -90.470355,
                                    14.65519,
                                    0
                                ],
                                [
                                    -90.470527,
                                    14.655066,
                                    0
                                ],
                                [
                                    -90.470726,
                                    14.654895,
                                    0
                                ],
                                [
                                    -90.470824,
                                    14.654747,
                                    0
                                ],
                                [
                                    -90.470923,
                                    14.654595,
                                    0
                                ],
                                [
                                    -90.470999,
                                    14.654425,
                                    0
                                ],
                                [
                                    -90.47108,
                                    14.654245,
                                    0
                                ],
                                [
                                    -90.471123,
                                    14.6541,
                                    0
                                ],
                                [
                                    -90.47118,
                                    14.65377,
                                    0
                                ],
                                [
                                    -90.471223,
                                    14.653415,
                                    0
                                ],
                                [
                                    -90.471259,
                                    14.653013,
                                    0
                                ],
                                [
                                    -90.471302,
                                    14.652626,
                                    0
                                ],
                                [
                                    -90.471342,
                                    14.652265,
                                    0
                                ],
                                [
                                    -90.471365,
                                    14.65208,
                                    0
                                ],
                                [
                                    -90.471466,
                                    14.651645,
                                    0
                                ],
                                [
                                    -90.471532,
                                    14.65143,
                                    0
                                ],
                                [
                                    -90.471638,
                                    14.651242,
                                    0
                                ],
                                [
                                    -90.471771,
                                    14.65086,
                                    0
                                ],
                                [
                                    -90.471919,
                                    14.650556,
                                    0
                                ],
                                [
                                    -90.472043,
                                    14.650342,
                                    0
                                ],
                                [
                                    -90.472141,
                                    14.650187,
                                    0
                                ],
                                [
                                    -90.47224,
                                    14.650076,
                                    0
                                ],
                                [
                                    -90.472396,
                                    14.649936,
                                    0
                                ]
                            ]
                        ]
                    }
                ]
            },
            "properties": {
                "name": "Línea 18 - Atlántida - Paraíso",
                "styleUrl": "#poly-0288D1-2701-0-nodesc",
                "fill-opacity": 0,
                "fill": "#0288d1",
                "stroke-opacity": 1,
                "stroke": "#0288d1",
                "stroke-width": 2.701
            }
        },
        {
            "type": "Feature",
            "geometry": {
                "type": "LineString",
                "coordinates": [
                    [
                        -90.507232,
                        14.639355,
                        0
                    ],
                    [
                        -90.505949,
                        14.639136,
                        0
                    ],
                    [
                        -90.505734,
                        14.640857,
                        0
                    ],
                    [
                        -90.505481,
                        14.640838,
                        0
                    ],
                    [
                        -90.504658,
                        14.640693,
                        0
                    ],
                    [
                        -90.504488,
                        14.640653,
                        0
                    ],
                    [
                        -90.504162,
                        14.640542,
                        0
                    ],
                    [
                        -90.503753,
                        14.640358,
                        0
                    ],
                    [
                        -90.503265,
                        14.640108,
                        0
                    ],
                    [
                        -90.502553,
                        14.639791,
                        0
                    ],
                    [
                        -90.502032,
                        14.639666,
                        0
                    ],
                    [
                        -90.501562,
                        14.639657,
                        0
                    ],
                    [
                        -90.50118,
                        14.639694,
                        0
                    ],
                    [
                        -90.500592,
                        14.639737,
                        0
                    ],
                    [
                        -90.500234,
                        14.639763,
                        0
                    ],
                    [
                        -90.500004,
                        14.639714,
                        0
                    ],
                    [
                        -90.49986,
                        14.639638,
                        0
                    ],
                    [
                        -90.499674,
                        14.639488,
                        0
                    ],
                    [
                        -90.499308,
                        14.639199,
                        0
                    ],
                    [
                        -90.49897,
                        14.638941,
                        0
                    ],
                    [
                        -90.49867,
                        14.638732,
                        0
                    ],
                    [
                        -90.498498,
                        14.638638,
                        0
                    ],
                    [
                        -90.498332,
                        14.638597,
                        0
                    ],
                    [
                        -90.498084,
                        14.638565,
                        0
                    ],
                    [
                        -90.49761,
                        14.638559,
                        0
                    ],
                    [
                        -90.497296,
                        14.63855,
                        0
                    ],
                    [
                        -90.49703,
                        14.638539,
                        0
                    ],
                    [
                        -90.496781,
                        14.638482,
                        0
                    ],
                    [
                        -90.496581,
                        14.638409,
                        0
                    ],
                    [
                        -90.496244,
                        14.638203,
                        0
                    ],
                    [
                        -90.495843,
                        14.637987,
                        0
                    ],
                    [
                        -90.495531,
                        14.637802,
                        0
                    ],
                    [
                        -90.494708,
                        14.63736,
                        0
                    ],
                    [
                        -90.494059,
                        14.636972,
                        0
                    ],
                    [
                        -90.493802,
                        14.636805,
                        0
                    ],
                    [
                        -90.49352,
                        14.63655,
                        0
                    ],
                    [
                        -90.493311,
                        14.636014,
                        0
                    ],
                    [
                        -90.493229,
                        14.635721,
                        0
                    ],
                    [
                        -90.493199,
                        14.635421,
                        0
                    ],
                    [
                        -90.493301,
                        14.635023,
                        0
                    ],
                    [
                        -90.493446,
                        14.634684,
                        0
                    ],
                    [
                        -90.494227,
                        14.633226,
                        0
                    ],
                    [
                        -90.494833,
                        14.63222,
                        0
                    ],
                    [
                        -90.495007,
                        14.631731,
                        0
                    ],
                    [
                        -90.495062,
                        14.631377,
                        0
                    ],
                    [
                        -90.495049,
                        14.631033,
                        0
                    ],
                    [
                        -90.494906,
                        14.630723,
                        0
                    ],
                    [
                        -90.494705,
                        14.630357,
                        0
                    ],
                    [
                        -90.494016,
                        14.629206,
                        0
                    ],
                    [
                        -90.493887,
                        14.628888,
                        0
                    ],
                    [
                        -90.493849,
                        14.628694,
                        0
                    ],
                    [
                        -90.493875,
                        14.628501,
                        0
                    ],
                    [
                        -90.493945,
                        14.628296,
                        0
                    ],
                    [
                        -90.494032,
                        14.628112,
                        0
                    ],
                    [
                        -90.494114,
                        14.627992,
                        0
                    ],
                    [
                        -90.495017,
                        14.627283,
                        0
                    ],
                    [
                        -90.495435,
                        14.626974,
                        0
                    ],
                    [
                        -90.496137,
                        14.626631,
                        0
                    ],
                    [
                        -90.496562,
                        14.626409,
                        0
                    ],
                    [
                        -90.498021,
                        14.625306,
                        0
                    ],
                    [
                        -90.498996,
                        14.624605,
                        0
                    ],
                    [
                        -90.49926,
                        14.624432,
                        0
                    ],
                    [
                        -90.499666,
                        14.62424,
                        0
                    ],
                    [
                        -90.499849,
                        14.624156,
                        0
                    ],
                    [
                        -90.500066,
                        14.624041,
                        0
                    ],
                    [
                        -90.500528,
                        14.623757,
                        0
                    ],
                    [
                        -90.501543,
                        14.623062,
                        0
                    ],
                    [
                        -90.501711,
                        14.622866,
                        0
                    ],
                    [
                        -90.502258,
                        14.621871,
                        0
                    ],
                    [
                        -90.502308,
                        14.621849,
                        0
                    ],
                    [
                        -90.5025,
                        14.62184,
                        0
                    ],
                    [
                        -90.502815,
                        14.621854,
                        0
                    ],
                    [
                        -90.503192,
                        14.62197,
                        0
                    ],
                    [
                        -90.503413,
                        14.622018,
                        0
                    ],
                    [
                        -90.503654,
                        14.62205,
                        0
                    ],
                    [
                        -90.504064,
                        14.622118,
                        0
                    ],
                    [
                        -90.505559,
                        14.622308,
                        0
                    ],
                    [
                        -90.506818,
                        14.62248,
                        0
                    ],
                    [
                        -90.507967,
                        14.62262,
                        0
                    ],
                    [
                        -90.509084,
                        14.622796,
                        0
                    ],
                    [
                        -90.509383,
                        14.622838,
                        0
                    ],
                    [
                        -90.510104,
                        14.622803,
                        0
                    ],
                    [
                        -90.51061,
                        14.622764,
                        0
                    ],
                    [
                        -90.511248,
                        14.622788,
                        0
                    ],
                    [
                        -90.512052,
                        14.622882,
                        0
                    ],
                    [
                        -90.513112,
                        14.623021,
                        0
                    ],
                    [
                        -90.514038,
                        14.623153,
                        0
                    ],
                    [
                        -90.514559,
                        14.623216,
                        0
                    ],
                    [
                        -90.514837,
                        14.623247,
                        0
                    ],
                    [
                        -90.51521,
                        14.623315,
                        0
                    ],
                    [
                        -90.515742,
                        14.623582,
                        0
                    ],
                    [
                        -90.516184,
                        14.623833,
                        0
                    ],
                    [
                        -90.516227,
                        14.623879,
                        0
                    ],
                    [
                        -90.516198,
                        14.623927,
                        0
                    ],
                    [
                        -90.514878,
                        14.624896,
                        0
                    ],
                    [
                        -90.514666,
                        14.62632,
                        0
                    ],
                    [
                        -90.516038,
                        14.626482,
                        0
                    ],
                    [
                        -90.516233,
                        14.624969,
                        0
                    ],
                    [
                        -90.516369,
                        14.623914,
                        0
                    ],
                    [
                        -90.516299,
                        14.623792,
                        0
                    ],
                    [
                        -90.515803,
                        14.623491,
                        0
                    ],
                    [
                        -90.515489,
                        14.62334,
                        0
                    ],
                    [
                        -90.515153,
                        14.62322,
                        0
                    ],
                    [
                        -90.514722,
                        14.623166,
                        0
                    ],
                    [
                        -90.514236,
                        14.62311,
                        0
                    ],
                    [
                        -90.513624,
                        14.623028,
                        0
                    ],
                    [
                        -90.512761,
                        14.62291,
                        0
                    ],
                    [
                        -90.511936,
                        14.622809,
                        0
                    ],
                    [
                        -90.511241,
                        14.622691,
                        0
                    ],
                    [
                        -90.511138,
                        14.622566,
                        0
                    ],
                    [
                        -90.511001,
                        14.622354,
                        0
                    ],
                    [
                        -90.510869,
                        14.622231,
                        0
                    ],
                    [
                        -90.510694,
                        14.622133,
                        0
                    ],
                    [
                        -90.510085,
                        14.621932,
                        0
                    ],
                    [
                        -90.509648,
                        14.621797,
                        0
                    ],
                    [
                        -90.509171,
                        14.621738,
                        0
                    ],
                    [
                        -90.508678,
                        14.621687,
                        0
                    ],
                    [
                        -90.507846,
                        14.621639,
                        0
                    ],
                    [
                        -90.50602,
                        14.621681,
                        0
                    ],
                    [
                        -90.504845,
                        14.621701,
                        0
                    ],
                    [
                        -90.503562,
                        14.62177,
                        0
                    ],
                    [
                        -90.503469,
                        14.621784,
                        0
                    ],
                    [
                        -90.503403,
                        14.621825,
                        0
                    ],
                    [
                        -90.503364,
                        14.62196,
                        0
                    ],
                    [
                        -90.503326,
                        14.622091,
                        0
                    ],
                    [
                        -90.503208,
                        14.622948,
                        0
                    ],
                    [
                        -90.503055,
                        14.624048,
                        0
                    ],
                    [
                        -90.502945,
                        14.624819,
                        0
                    ],
                    [
                        -90.502917,
                        14.62492,
                        0
                    ],
                    [
                        -90.502748,
                        14.624891,
                        0
                    ],
                    [
                        -90.50194,
                        14.624775,
                        0
                    ],
                    [
                        -90.49993,
                        14.624497,
                        0
                    ],
                    [
                        -90.499387,
                        14.624434,
                        0
                    ],
                    [
                        -90.499161,
                        14.624382,
                        0
                    ],
                    [
                        -90.498991,
                        14.624432,
                        0
                    ],
                    [
                        -90.49866,
                        14.624644,
                        0
                    ],
                    [
                        -90.498217,
                        14.624977,
                        0
                    ],
                    [
                        -90.497368,
                        14.625626,
                        0
                    ],
                    [
                        -90.496557,
                        14.626272,
                        0
                    ],
                    [
                        -90.496359,
                        14.626385,
                        0
                    ],
                    [
                        -90.495767,
                        14.626672,
                        0
                    ],
                    [
                        -90.495253,
                        14.626923,
                        0
                    ],
                    [
                        -90.494622,
                        14.627372,
                        0
                    ],
                    [
                        -90.494038,
                        14.627842,
                        0
                    ],
                    [
                        -90.49384,
                        14.628021,
                        0
                    ],
                    [
                        -90.493736,
                        14.628228,
                        0
                    ],
                    [
                        -90.493686,
                        14.628472,
                        0
                    ],
                    [
                        -90.49365,
                        14.628717,
                        0
                    ],
                    [
                        -90.493671,
                        14.628924,
                        0
                    ],
                    [
                        -90.493774,
                        14.629156,
                        0
                    ],
                    [
                        -90.493987,
                        14.629534,
                        0
                    ],
                    [
                        -90.494528,
                        14.630421,
                        0
                    ],
                    [
                        -90.494775,
                        14.63092,
                        0
                    ],
                    [
                        -90.494866,
                        14.631231,
                        0
                    ],
                    [
                        -90.49488,
                        14.631548,
                        0
                    ],
                    [
                        -90.494786,
                        14.63182,
                        0
                    ],
                    [
                        -90.494654,
                        14.632119,
                        0
                    ],
                    [
                        -90.49329,
                        14.634558,
                        0
                    ],
                    [
                        -90.493139,
                        14.63486,
                        0
                    ],
                    [
                        -90.493051,
                        14.635209,
                        0
                    ],
                    [
                        -90.493026,
                        14.635496,
                        0
                    ],
                    [
                        -90.493042,
                        14.635789,
                        0
                    ],
                    [
                        -90.493106,
                        14.636011,
                        0
                    ],
                    [
                        -90.49328,
                        14.636367,
                        0
                    ],
                    [
                        -90.493458,
                        14.636606,
                        0
                    ],
                    [
                        -90.493765,
                        14.636859,
                        0
                    ],
                    [
                        -90.494141,
                        14.637107,
                        0
                    ],
                    [
                        -90.494468,
                        14.637283,
                        0
                    ],
                    [
                        -90.494822,
                        14.637479,
                        0
                    ],
                    [
                        -90.495469,
                        14.637851,
                        0
                    ],
                    [
                        -90.495821,
                        14.638064,
                        0
                    ],
                    [
                        -90.496205,
                        14.638295,
                        0
                    ],
                    [
                        -90.496557,
                        14.638493,
                        0
                    ],
                    [
                        -90.496778,
                        14.63858,
                        0
                    ],
                    [
                        -90.497055,
                        14.638616,
                        0
                    ],
                    [
                        -90.497324,
                        14.638637,
                        0
                    ],
                    [
                        -90.497622,
                        14.638655,
                        0
                    ],
                    [
                        -90.498096,
                        14.63866,
                        0
                    ],
                    [
                        -90.498341,
                        14.638716,
                        0
                    ],
                    [
                        -90.498524,
                        14.638778,
                        0
                    ],
                    [
                        -90.4987,
                        14.638878,
                        0
                    ],
                    [
                        -90.499014,
                        14.639092,
                        0
                    ],
                    [
                        -90.499483,
                        14.63947,
                        0
                    ],
                    [
                        -90.4998,
                        14.639713,
                        0
                    ],
                    [
                        -90.499966,
                        14.639799,
                        0
                    ],
                    [
                        -90.500213,
                        14.639854,
                        0
                    ],
                    [
                        -90.500474,
                        14.639843,
                        0
                    ],
                    [
                        -90.500788,
                        14.639805,
                        0
                    ],
                    [
                        -90.501165,
                        14.639768,
                        0
                    ],
                    [
                        -90.501633,
                        14.639732,
                        0
                    ],
                    [
                        -90.502028,
                        14.639752,
                        0
                    ],
                    [
                        -90.502525,
                        14.63985,
                        0
                    ],
                    [
                        -90.503231,
                        14.640182,
                        0
                    ],
                    [
                        -90.503692,
                        14.640413,
                        0
                    ],
                    [
                        -90.503952,
                        14.640548,
                        0
                    ],
                    [
                        -90.504286,
                        14.640664,
                        0
                    ],
                    [
                        -90.504558,
                        14.640755,
                        0
                    ],
                    [
                        -90.504851,
                        14.6408,
                        0
                    ],
                    [
                        -90.50514,
                        14.640832,
                        0
                    ],
                    [
                        -90.50524,
                        14.640002,
                        0
                    ],
                    [
                        -90.505437,
                        14.640027,
                        0
                    ],
                    [
                        -90.505843,
                        14.640085,
                        0
                    ],
                    [
                        -90.507131,
                        14.640257,
                        0
                    ],
                    [
                        -90.507227,
                        14.639359,
                        0
                    ]
                ]
            },
            "properties": {
                "name": "RUTA 5",
                "styleUrl": "#line-002E8C-3000-nodesc",
                "stroke-opacity": 1,
                "stroke": "#002e8c",
                "stroke-width": 3
            }
        },
        {
            "type": "Feature",
            "geometry": {
                "type": "Point",
                "coordinates": [
                    -90.512888,
                    14.622884,
                    0
                ]
            },
            "properties": {
                "name": "Estación Palacio de los Deportes Norte",
                "styleUrl": "#icon-1899-DB4436-nodesc",
                "label-scale": 0,
                "icon-opacity": 1,
                "icon-color": "#db4436",
                "icon-scale": 1,
                "icon-offset": [
                    32,
                    64
                ],
                "icon-offset-units": [
                    "pixels",
                    "insetPixels"
                ],
                "icon": "https://www.gstatic.com/mapspro/images/stock/503-wht-blank_maps.png"
            }
        },
        {
            "type": "Feature",
            "geometry": {
                "type": "Point",
                "coordinates": [
                    -90.505708,
                    14.621709,
                    0
                ]
            },
            "properties": {
                "name": "Estación La Palmita ",
                "styleUrl": "#icon-1899-DB4436-nodesc",
                "label-scale": 0,
                "icon-opacity": 1,
                "icon-color": "#db4436",
                "icon-scale": 1,
                "icon-offset": [
                    32,
                    64
                ],
                "icon-offset-units": [
                    "pixels",
                    "insetPixels"
                ],
                "icon": "https://www.gstatic.com/mapspro/images/stock/503-wht-blank_maps.png"
            }
        },
        {
            "type": "Feature",
            "geometry": {
                "type": "Point",
                "coordinates": [
                    -90.501337,
                    14.624694,
                    0
                ]
            },
            "properties": {
                "name": "Estacion Parque Navidad",
                "styleUrl": "#icon-1899-DB4436-nodesc",
                "label-scale": 0,
                "icon-opacity": 1,
                "icon-color": "#db4436",
                "icon-scale": 1,
                "icon-offset": [
                    32,
                    64
                ],
                "icon-offset-units": [
                    "pixels",
                    "insetPixels"
                ],
                "icon": "https://www.gstatic.com/mapspro/images/stock/503-wht-blank_maps.png"
            }
        },
        {
            "type": "Feature",
            "geometry": {
                "type": "Point",
                "coordinates": [
                    -90.495695,
                    14.626814,
                    0
                ]
            },
            "properties": {
                "name": "Estación Arrivillaga",
                "styleUrl": "#icon-1899-DB4436-nodesc",
                "label-scale": 0,
                "icon-opacity": 1,
                "icon-color": "#db4436",
                "icon-scale": 1,
                "icon-offset": [
                    32,
                    64
                ],
                "icon-offset-units": [
                    "pixels",
                    "insetPixels"
                ],
                "icon": "https://www.gstatic.com/mapspro/images/stock/503-wht-blank_maps.png"
            }
        },
        {
            "type": "Feature",
            "geometry": {
                "type": "Point",
                "coordinates": [
                    -90.493209,
                    14.636173,
                    0
                ]
            },
            "properties": {
                "name": "Estacion Cipreses Norte",
                "styleUrl": "#icon-1899-DB4436-nodesc",
                "label-scale": 0,
                "icon-opacity": 1,
                "icon-color": "#db4436",
                "icon-scale": 1,
                "icon-offset": [
                    32,
                    64
                ],
                "icon-offset-units": [
                    "pixels",
                    "insetPixels"
                ],
                "icon": "https://www.gstatic.com/mapspro/images/stock/503-wht-blank_maps.png"
            }
        },
        {
            "type": "Feature",
            "geometry": {
                "type": "Point",
                "coordinates": [
                    -90.506793,
                    14.622502,
                    0
                ]
            },
            "properties": {
                "name": "Estacion Mercado La Palmita ",
                "styleUrl": "#icon-1899-DB4436-nodesc",
                "label-scale": 0,
                "icon-opacity": 1,
                "icon-color": "#db4436",
                "icon-scale": 1,
                "icon-offset": [
                    32,
                    64
                ],
                "icon-offset-units": [
                    "pixels",
                    "insetPixels"
                ],
                "icon": "https://www.gstatic.com/mapspro/images/stock/503-wht-blank_maps.png"
            }
        },
        {
            "type": "Feature",
            "geometry": {
                "type": "Point",
                "coordinates": [
                    -90.512408,
                    14.622983,
                    0
                ]
            },
            "properties": {
                "name": "Estación Palacio de los Deportes Sur",
                "styleUrl": "#icon-1899-DB4436-nodesc",
                "label-scale": 0,
                "icon-opacity": 1,
                "icon-color": "#db4436",
                "icon-scale": 1,
                "icon-offset": [
                    32,
                    64
                ],
                "icon-offset-units": [
                    "pixels",
                    "insetPixels"
                ],
                "icon": "https://www.gstatic.com/mapspro/images/stock/503-wht-blank_maps.png"
            }
        },
        {
            "type": "Feature",
            "geometry": {
                "type": "Point",
                "coordinates": [
                    -90.507199,
                    14.639506,
                    0
                ]
            },
            "properties": {
                "name": "Estacion Parque Colon",
                "styleUrl": "#icon-1899-DB4436-nodesc",
                "label-scale": 0,
                "icon-opacity": 1,
                "icon-color": "#db4436",
                "icon-scale": 1,
                "icon-offset": [
                    32,
                    64
                ],
                "icon-offset-units": [
                    "pixels",
                    "insetPixels"
                ],
                "icon": "https://www.gstatic.com/mapspro/images/stock/503-wht-blank_maps.png"
            }
        },
        {
            "type": "Feature",
            "geometry": {
                "type": "Point",
                "coordinates": [
                    -90.499584,
                    14.624372,
                    0
                ]
            },
            "properties": {
                "name": "Estación Vivibien",
                "styleUrl": "#icon-1899-DB4436-nodesc",
                "label-scale": 0,
                "icon-opacity": 1,
                "icon-color": "#db4436",
                "icon-scale": 1,
                "icon-offset": [
                    32,
                    64
                ],
                "icon-offset-units": [
                    "pixels",
                    "insetPixels"
                ],
                "icon": "https://www.gstatic.com/mapspro/images/stock/503-wht-blank_maps.png"
            }
        },
        {
            "type": "Feature",
            "geometry": {
                "type": "Point",
                "coordinates": [
                    -90.503781,
                    14.640461,
                    0
                ]
            },
            "properties": {
                "name": "Estación Matamoros ",
                "styleUrl": "#icon-1899-DB4436-nodesc",
                "label-scale": 0,
                "icon-opacity": 1,
                "icon-color": "#db4436",
                "icon-scale": 1,
                "icon-offset": [
                    32,
                    64
                ],
                "icon-offset-units": [
                    "pixels",
                    "insetPixels"
                ],
                "icon": "https://www.gstatic.com/mapspro/images/stock/503-wht-blank_maps.png"
            }
        },
        {
            "type": "Feature",
            "geometry": {
                "type": "Point",
                "coordinates": [
                    -90.494629,
                    14.632392,
                    0
                ]
            },
            "properties": {
                "name": "Estación Jardines de la Asunción Sur",
                "styleUrl": "#icon-1899-DB4436-nodesc",
                "label-scale": 0,
                "icon-opacity": 1,
                "icon-color": "#db4436",
                "icon-scale": 1,
                "icon-offset": [
                    32,
                    64
                ],
                "icon-offset-units": [
                    "pixels",
                    "insetPixels"
                ],
                "icon": "https://www.gstatic.com/mapspro/images/stock/503-wht-blank_maps.png"
            }
        },
        {
            "type": "Feature",
            "geometry": {
                "type": "Point",
                "coordinates": [
                    -90.494228,
                    14.633008,
                    0
                ]
            },
            "properties": {
                "name": "Estación Jardines de la Asunción Norte",
                "styleUrl": "#icon-1899-DB4436-nodesc",
                "label-scale": 0,
                "icon-opacity": 1,
                "icon-color": "#db4436",
                "icon-scale": 1,
                "icon-offset": [
                    32,
                    64
                ],
                "icon-offset-units": [
                    "pixels",
                    "insetPixels"
                ],
                "icon": "https://www.gstatic.com/mapspro/images/stock/503-wht-blank_maps.png"
            }
        },
        {
            "type": "Feature",
            "geometry": {
                "type": "Point",
                "coordinates": [
                    -90.51506,
                    14.624905,
                    0
                ]
            },
            "properties": {
                "name": "Estación Puente de la Penitenciaría",
                "styleUrl": "#icon-1899-DB4436-nodesc",
                "label-scale": 0,
                "icon-opacity": 1,
                "icon-color": "#db4436",
                "icon-scale": 1,
                "icon-offset": [
                    32,
                    64
                ],
                "icon-offset-units": [
                    "pixels",
                    "insetPixels"
                ],
                "icon": "https://www.gstatic.com/mapspro/images/stock/503-wht-blank_maps.png"
            }
        },
        {
            "type": "Feature",
            "geometry": {
                "type": "Point",
                "coordinates": [
                    -90.493313,
                    14.635417,
                    0
                ]
            },
            "properties": {
                "name": "Estacion Cipreses Sur",
                "styleUrl": "#icon-1899-DB4436-nodesc",
                "label-scale": 0,
                "icon-opacity": 1,
                "icon-color": "#db4436",
                "icon-scale": 1,
                "icon-offset": [
                    32,
                    64
                ],
                "icon-offset-units": [
                    "pixels",
                    "insetPixels"
                ],
                "icon": "https://www.gstatic.com/mapspro/images/stock/503-wht-blank_maps.png"
            }
        }
    ]
}